Match Number	Player of the Match	POM Image URL	POM Country	Runs by each Batsman	Bowls faced by each Batsman	Strike Rate of each Batsman	Wickets by each Bowler	Economy Rate of each Bowler	Toss	Umpires	Match Referee
Final	Ben Stokes	"=HYPERLINK(""https://img1.hscicdn.com/image/upload/f_auto,t_h_100/lsci/db/PICTURES/CMS/305000/305019.jpg"",""Ben Stokes"")"	England	Martin Guptill : 19, Henry Nicholls : 55, Kane Williamson : 30, Ross Taylor : 15, Tom Latham : 47, James Neesham : 19, Colin de Grandhomme : 16, Mitchell Santner : 5, Matt Henry : 4, Trent Boult : 1, Jason Roy : 17, Jonny Bairstow : 36, Joe Root : 7, Eoin Morgan : 9, Ben Stokes : 84, Jos Buttler : 59, Chris Woakes : 2, Liam Plunkett : 10, Jofra Archer : 0, Adil Rashid : 0, Mark Wood : 0	Martin Guptill : 18, Henry Nicholls : 77, Kane Williamson : 53, Ross Taylor : 31, Tom Latham : 56, James Neesham : 25, Colin de Grandhomme : 28, Mitchell Santner : 9, Matt Henry : 2, Trent Boult : 2, Jason Roy : 20, Jonny Bairstow : 55, Joe Root : 30, Eoin Morgan : 22, Ben Stokes : 98, Jos Buttler : 60, Chris Woakes : 4, Liam Plunkett : 10, Jofra Archer : 1, Adil Rashid : 0, Mark Wood : 0	Martin Guptill : 105.56, Henry Nicholls : 71.43, Kane Williamson : 56.60, Ross Taylor : 48.39, Tom Latham : 83.93, James Neesham : 76.00, Colin de Grandhomme : 57.14, Mitchell Santner : 55.56, Matt Henry : 200.00, Trent Boult : 50.00, Jason Roy : 85.00, Jonny Bairstow : 65.45, Joe Root : 23.33, Eoin Morgan : 40.91, Ben Stokes : 85.71, Jos Buttler : 98.33, Chris Woakes : 50.00, Liam Plunkett : 100.00, Jofra Archer : 0.00, Adil Rashid : 0.00, Mark Wood : 0.00	Chris Woakes : 3, Jofra Archer : 1, Liam Plunkett : 3, Mark Wood : 1, Adil Rashid : 0, Ben Stokes : 0, Trent Boult : 0, Matt Henry : 1, Colin de Grandhomme : 1, Lockie Ferguson : 3, James Neesham : 3, Mitchell Santner : 0	Chris Woakes : 4.11, Jofra Archer : 4.20, Liam Plunkett : 4.20, Mark Wood : 4.90, Adil Rashid : 4.88, Ben Stokes : 6.67, Trent Boult : 6.70, Matt Henry : 4.00, Colin de Grandhomme : 2.50, Lockie Ferguson : 5.00, James Neesham : 6.14, Mitchell Santner : 3.67	New Zealand, elected to bat first	Kumar Dharmasena, Marais Erasmus	Ranjan Madugalle
2nd Semi-final	Chris Woakes	"=HYPERLINK(""https://img1.hscicdn.com/image/upload/f_auto,t_h_100/lsci/db/PICTURES/CMS/304300/304336.jpg"",""Chris Woakes"")"	England	David Warner : 9, Aaron Finch : 0, Steven Smith : 85, Peter Handscomb : 4, Alex Carey : 46, Marcus Stoinis : 0, Glenn Maxwell : 22, Pat Cummins : 6, Mitchell Starc : 29, Jason Behrendorff : 1, Nathan Lyon : 5, Jason Roy : 85, Jonny Bairstow : 34, Joe Root : 49, Eoin Morgan : 45	David Warner : 11, Aaron Finch : 1, Steven Smith : 119, Peter Handscomb : 12, Alex Carey : 70, Marcus Stoinis : 2, Glenn Maxwell : 23, Pat Cummins : 10, Mitchell Starc : 36, Jason Behrendorff : 4, Nathan Lyon : 6, Jason Roy : 65, Jonny Bairstow : 43, Joe Root : 46, Eoin Morgan : 39	David Warner : 81.82, Aaron Finch : 0.00, Steven Smith : 71.43, Peter Handscomb : 33.33, Alex Carey : 65.71, Marcus Stoinis : 0.00, Glenn Maxwell : 95.65, Pat Cummins : 60.00, Mitchell Starc : 80.56, Jason Behrendorff : 25.00, Nathan Lyon : 83.33, Jason Roy : 130.77, Jonny Bairstow : 79.07, Joe Root : 106.52, Eoin Morgan : 115.38	Chris Woakes : 3, Jofra Archer : 2, Ben Stokes : 0, Mark Wood : 1, Liam Plunkett : 0, Adil Rashid : 3, Jason Behrendorff : 0, Mitchell Starc : 1, Pat Cummins : 1, Nathan Lyon : 0, Steven Smith : 0, Marcus Stoinis : 0	Chris Woakes : 2.50, Jofra Archer : 3.20, Ben Stokes : 5.50, Mark Wood : 5.00, Liam Plunkett : 5.50, Adil Rashid : 5.40, Jason Behrendorff : 4.65, Mitchell Starc : 7.78, Pat Cummins : 4.86, Nathan Lyon : 9.80, Steven Smith : 21.00, Marcus Stoinis : 6.50	Australia, elected to bat first	Kumar Dharmasena, Marais Erasmus	Ranjan Madugalle
1st Semi-final	Matt Henry	"=HYPERLINK(""https://img1.hscicdn.com/image/upload/f_auto,t_h_100/lsci/db/PICTURES/CMS/303600/303607.jpg"",""Matt Henry"")"	New Zealand	Martin Guptill : 1, Henry Nicholls : 28, Kane Williamson : 67, Ross Taylor : 74, James Neesham : 12, Colin de Grandhomme : 16, Tom Latham : 10, Mitchell Santner : 9, Matt Henry : 1, Trent Boult : 3, KL Rahul : 1, Rohit Sharma : 1, Virat Kohli : 1, Rishabh Pant : 32, Dinesh Karthik : 6, Hardik Pandya : 32, MS Dhoni : 50, Ravindra Jadeja : 77, Bhuvneshwar Kumar : 0, Yuzvendra Chahal : 5, Jasprit Bumrah : 0	Martin Guptill : 14, Henry Nicholls : 51, Kane Williamson : 95, Ross Taylor : 90, James Neesham : 18, Colin de Grandhomme : 10, Tom Latham : 11, Mitchell Santner : 6, Matt Henry : 2, Trent Boult : 3, KL Rahul : 7, Rohit Sharma : 4, Virat Kohli : 6, Rishabh Pant : 56, Dinesh Karthik : 25, Hardik Pandya : 62, MS Dhoni : 72, Ravindra Jadeja : 59, Bhuvneshwar Kumar : 1, Yuzvendra Chahal : 5, Jasprit Bumrah : 0	Martin Guptill : 7.14, Henry Nicholls : 54.90, Kane Williamson : 70.53, Ross Taylor : 82.22, James Neesham : 66.67, Colin de Grandhomme : 160.00, Tom Latham : 90.91, Mitchell Santner : 150.00, Matt Henry : 50.00, Trent Boult : 100.00, KL Rahul : 14.29, Rohit Sharma : 25.00, Virat Kohli : 16.67, Rishabh Pant : 57.14, Dinesh Karthik : 24.00, Hardik Pandya : 51.61, MS Dhoni : 69.44, Ravindra Jadeja : 130.51, Bhuvneshwar Kumar : 0.00, Yuzvendra Chahal : 100.00, Jasprit Bumrah : 0.00	Bhuvneshwar Kumar : 3, Jasprit Bumrah : 1, Hardik Pandya : 1, Ravindra Jadeja : 1, Yuzvendra Chahal : 1, Trent Boult : 2, Matt Henry : 3, Lockie Ferguson : 1, Colin de Grandhomme : 0, James Neesham : 1, Mitchell Santner : 2	Bhuvneshwar Kumar : 4.30, Jasprit Bumrah : 3.90, Hardik Pandya : 5.50, Ravindra Jadeja : 3.40, Yuzvendra Chahal : 6.30, Trent Boult : 4.20, Matt Henry : 3.70, Lockie Ferguson : 4.30, Colin de Grandhomme : 6.50, James Neesham : 6.53, Mitchell Santner : 3.40	New Zealand, elected to bat first	Richard Illingworth, Richard Kettleborough	David Boon
45th match	Faf du Plessis	"=HYPERLINK(""https://img1.hscicdn.com/image/upload/f_auto,t_h_100/lsci/db/PICTURES/CMS/263700/263773.1.jpg"",""Faf du Plessis"")"	South Africa	Aiden Markram : 34, Quinton de Kock : 52, Faf du Plessis : 100, Rassie van der Dussen : 95, Jean-Paul Duminy : 14, Dwaine Pretorius : 2, Andile Phehlukwayo : 4, David Warner : 122, Aaron Finch : 3, Usman Khawaja : 18, Steven Smith : 7, Marcus Stoinis : 22, Glenn Maxwell : 12, Alex Carey : 85, Pat Cummins : 9, Mitchell Starc : 16, Jason Behrendorff : 11, Nathan Lyon : 3	Aiden Markram : 37, Quinton de Kock : 51, Faf du Plessis : 94, Rassie van der Dussen : 97, Jean-Paul Duminy : 13, Dwaine Pretorius : 5, Andile Phehlukwayo : 3, David Warner : 117, Aaron Finch : 4, Usman Khawaja : 14, Steven Smith : 6, Marcus Stoinis : 34, Glenn Maxwell : 20, Alex Carey : 69, Pat Cummins : 15, Mitchell Starc : 11, Jason Behrendorff : 6, Nathan Lyon : 3	Aiden Markram : 91.89, Quinton de Kock : 101.96, Faf du Plessis : 106.38, Rassie van der Dussen : 97.94, Jean-Paul Duminy : 107.69, Dwaine Pretorius : 40.00, Andile Phehlukwayo : 133.33, David Warner : 104.27, Aaron Finch : 75.00, Usman Khawaja : 128.57, Steven Smith : 116.67, Marcus Stoinis : 64.71, Glenn Maxwell : 60.00, Alex Carey : 123.19, Pat Cummins : 60.00, Mitchell Starc : 145.45, Jason Behrendorff : 183.33, Nathan Lyon : 100.00	Mitchell Starc : 2, Jason Behrendorff : 1, Nathan Lyon : 2, Pat Cummins : 1, Steven Smith : 0, Marcus Stoinis : 0, Glenn Maxwell : 0, Imran Tahir : 1, Kagiso Rabada : 3, Dwaine Pretorius : 2, Chris Morris : 1, Tabraiz Shamsi : 0, Andile Phehlukwayo : 2, Jean-Paul Duminy : 0	Mitchell Starc : 6.56, Jason Behrendorff : 6.88, Nathan Lyon : 5.30, Pat Cummins : 7.33, Steven Smith : 5.00, Marcus Stoinis : 6.33, Glenn Maxwell : 5.70, Imran Tahir : 6.56, Kagiso Rabada : 5.60, Dwaine Pretorius : 4.50, Chris Morris : 7.00, Tabraiz Shamsi : 6.89, Andile Phehlukwayo : 7.76, Jean-Paul Duminy : 5.50	South Africa, elected to bat first	Aleem Dar, Kumar Dharmasena	Ranjan Madugalle
44th match	Rohit Sharma	"=HYPERLINK(""https://img1.hscicdn.com/image/upload/f_auto,t_h_100/lsci/db/PICTURES/CMS/302300/302374.jpg"",""Rohit Sharma"")"	India	Dimuth Karunaratne : 10, Kusal Perera : 18, Avishka Fernando : 20, Kusal Mendis : 3, Angelo Mathews : 113, Lahiru Thirimanne : 53, Dhananjaya de Silva : 29, Thisara Perera : 2, Isuru Udana : 1, KL Rahul : 111, Rohit Sharma : 103, Virat Kohli : 34, Rishabh Pant : 4, Hardik Pandya : 7	Dimuth Karunaratne : 17, Kusal Perera : 14, Avishka Fernando : 21, Kusal Mendis : 13, Angelo Mathews : 128, Lahiru Thirimanne : 68, Dhananjaya de Silva : 36, Thisara Perera : 3, Isuru Udana : 1, KL Rahul : 118, Rohit Sharma : 94, Virat Kohli : 41, Rishabh Pant : 4, Hardik Pandya : 4	Dimuth Karunaratne : 58.82, Kusal Perera : 128.57, Avishka Fernando : 95.24, Kusal Mendis : 23.08, Angelo Mathews : 88.28, Lahiru Thirimanne : 77.94, Dhananjaya de Silva : 80.56, Thisara Perera : 66.67, Isuru Udana : 100.00, KL Rahul : 94.07, Rohit Sharma : 109.57, Virat Kohli : 82.93, Rishabh Pant : 100.00, Hardik Pandya : 175.00	Bhuvneshwar Kumar : 1, Jasprit Bumrah : 3, Hardik Pandya : 1, Ravindra Jadeja : 1, Kuldeep Yadav : 1, Lasith Malinga : 1, Kasun Rajitha : 1, Isuru Udana : 1, Thisara Perera : 0, Dhananjaya de Silva : 0	Bhuvneshwar Kumar : 7.30, Jasprit Bumrah : 3.70, Hardik Pandya : 5.00, Ravindra Jadeja : 4.00, Kuldeep Yadav : 5.80, Lasith Malinga : 8.20, Kasun Rajitha : 5.88, Isuru Udana : 5.26, Thisara Perera : 3.40, Dhananjaya de Silva : 8.50	Sri Lanka, elected to bat first	Ian Gould, Paul Wilson	Chris Broad
43rd match	Shaheen Shah Afridi	"=HYPERLINK(""https://img1.hscicdn.com/image/upload/f_auto,t_h_100/lsci/db/PICTURES/CMS/312100/312180.jpg"",""Shaheen Shah Afridi"")"	Pakistan	Fakhar Zaman : 13, Imam-ul-Haq : 100, Babar Azam : 96, Mohammad Hafeez : 27, Haris Sohail : 6, Imad Wasim : 43, Sarfaraz Ahmed : 3, Wahab Riaz : 2, Shadab Khan : 1, Mohammad Amir : 8, Shaheen Shah Afridi : 0, Tamim Iqbal : 8, Soumya Sarkar : 22, Shakib Al Hasan : 64, Mushfiqur Rahim : 16, Liton Das : 32, Mahmudullah : 29, Mosaddek Hossain : 16, Mohammad Saifuddin : 0, Mehidy Hasan Miraz : 7, Mashrafe Mortaza : 15, Mustafizur Rahman : 1	Fakhar Zaman : 31, Imam-ul-Haq : 100, Babar Azam : 98, Mohammad Hafeez : 25, Haris Sohail : 6, Imad Wasim : 26, Sarfaraz Ahmed : 3, Wahab Riaz : 4, Shadab Khan : 2, Mohammad Amir : 6, Shaheen Shah Afridi : 0, Tamim Iqbal : 21, Soumya Sarkar : 22, Shakib Al Hasan : 77, Mushfiqur Rahim : 19, Liton Das : 40, Mahmudullah : 41, Mosaddek Hossain : 21, Mohammad Saifuddin : 1, Mehidy Hasan Miraz : 6, Mashrafe Mortaza : 14, Mustafizur Rahman : 3	Fakhar Zaman : 41.94, Imam-ul-Haq : 100.00, Babar Azam : 97.96, Mohammad Hafeez : 108.00, Haris Sohail : 100.00, Imad Wasim : 165.38, Sarfaraz Ahmed : 100.00, Wahab Riaz : 50.00, Shadab Khan : 50.00, Mohammad Amir : 133.33, Shaheen Shah Afridi : 0.00, Tamim Iqbal : 38.10, Soumya Sarkar : 100.00, Shakib Al Hasan : 83.12, Mushfiqur Rahim : 84.21, Liton Das : 80.00, Mahmudullah : 70.73, Mosaddek Hossain : 76.19, Mohammad Saifuddin : 0.00, Mehidy Hasan Miraz : 116.67, Mashrafe Mortaza : 107.14, Mustafizur Rahman : 33.33	Mehidy Hasan Miraz : 1, Mohammad Saifuddin : 3, Mustafizur Rahman : 5, Mashrafe Mortaza : 0, Shakib Al Hasan : 0, Mosaddek Hossain : 0, Mohammad Hafeez : 0, Mohammad Amir : 1, Shaheen Shah Afridi : 6, Wahab Riaz : 1, Imad Wasim : 0, Shadab Khan : 2	Mehidy Hasan Miraz : 3.00, Mohammad Saifuddin : 8.56, Mustafizur Rahman : 7.50, Mashrafe Mortaza : 6.57, Shakib Al Hasan : 5.70, Mosaddek Hossain : 6.75, Mohammad Hafeez : 5.33, Mohammad Amir : 4.43, Shaheen Shah Afridi : 3.82, Wahab Riaz : 4.71, Imad Wasim : 4.33, Shadab Khan : 6.56	Pakistan, elected to bat first	Michael Gough, Richard Kettleborough	Richie Richardson
42nd match	Shai Hope	"=HYPERLINK(""https://img1.hscicdn.com/image/upload/f_auto,t_h_100/lsci/db/PICTURES/CMS/305900/305915.1.jpg"",""Shai Hope"")"	West Indies	Chris Gayle : 7, Evin Lewis : 58, Shai Hope : 77, Shimron Hetmyer : 39, Nicholas Pooran : 58, Jason Holder : 45, Carlos Brathwaite : 14, Fabian Allen : 0, Gulbadin Naib : 5, Rahmat Shah : 62, Ikram Alikhil : 86, Najibullah Zadran : 31, Asghar Afghan : 40, Mohammad Nabi : 2, Samiullah Shinwari : 6, Rashid Khan : 9, Dawlat Zadran : 1, Sayed Shirzad : 25, Mujeeb Ur Rahman : 7	Chris Gayle : 18, Evin Lewis : 78, Shai Hope : 92, Shimron Hetmyer : 31, Nicholas Pooran : 43, Jason Holder : 34, Carlos Brathwaite : 4, Fabian Allen : 0, Gulbadin Naib : 6, Rahmat Shah : 78, Ikram Alikhil : 93, Najibullah Zadran : 38, Asghar Afghan : 32, Mohammad Nabi : 6, Samiullah Shinwari : 9, Rashid Khan : 16, Dawlat Zadran : 2, Sayed Shirzad : 17, Mujeeb Ur Rahman : 5	Chris Gayle : 38.89, Evin Lewis : 74.36, Shai Hope : 83.70, Shimron Hetmyer : 125.81, Nicholas Pooran : 134.88, Jason Holder : 132.35, Carlos Brathwaite : 350.00, Fabian Allen : 0.00, Gulbadin Naib : 83.33, Rahmat Shah : 79.49, Ikram Alikhil : 92.47, Najibullah Zadran : 81.58, Asghar Afghan : 125.00, Mohammad Nabi : 33.33, Samiullah Shinwari : 66.67, Rashid Khan : 56.25, Dawlat Zadran : 50.00, Sayed Shirzad : 147.06, Mujeeb Ur Rahman : 140.00	Mujeeb Ur Rahman : 0, Dawlat Zadran : 2, Sayed Shirzad : 1, Gulbadin Naib : 0, Mohammad Nabi : 1, Rashid Khan : 1, Sheldon Cottrell : 0, Kemar Roach : 3, Oshane Thomas : 1, Jason Holder : 0, Fabian Allen : 0, Carlos Brathwaite : 4, Chris Gayle : 1	Mujeeb Ur Rahman : 5.20, Dawlat Zadran : 8.11, Sayed Shirzad : 7.00, Gulbadin Naib : 6.00, Mohammad Nabi : 5.60, Rashid Khan : 5.20, Sheldon Cottrell : 6.14, Kemar Roach : 3.70, Oshane Thomas : 6.14, Jason Holder : 5.75, Fabian Allen : 8.67, Carlos Brathwaite : 7.00, Chris Gayle : 4.67	West Indies, elected to bat first	Chris Gaffaney, Nigel Llong	Chris Broad
41st match	Jonny Bairstow	"=HYPERLINK(""https://img1.hscicdn.com/image/upload/f_auto,t_h_100/lsci/db/PICTURES/CMS/304900/304906.jpg"",""Jonny Bairstow"")"	England	Jason Roy : 60, Jonny Bairstow : 106, Joe Root : 24, Jos Buttler : 11, Eoin Morgan : 42, Ben Stokes : 11, Chris Woakes : 4, Liam Plunkett : 15, Adil Rashid : 16, Jofra Archer : 1, Martin Guptill : 8, Henry Nicholls : 0, Kane Williamson : 27, Ross Taylor : 28, Tom Latham : 57, James Neesham : 19, Colin de Grandhomme : 3, Mitchell Santner : 12, Tim Southee : 7, Matt Henry : 7, Trent Boult : 4	Jason Roy : 61, Jonny Bairstow : 99, Joe Root : 25, Jos Buttler : 12, Eoin Morgan : 40, Ben Stokes : 27, Chris Woakes : 11, Liam Plunkett : 12, Adil Rashid : 12, Jofra Archer : 1, Martin Guptill : 16, Henry Nicholls : 1, Kane Williamson : 40, Ross Taylor : 42, Tom Latham : 65, James Neesham : 27, Colin de Grandhomme : 13, Mitchell Santner : 30, Tim Southee : 16, Matt Henry : 13, Trent Boult : 7	Jason Roy : 98.36, Jonny Bairstow : 107.07, Joe Root : 96.00, Jos Buttler : 91.67, Eoin Morgan : 105.00, Ben Stokes : 40.74, Chris Woakes : 36.36, Liam Plunkett : 125.00, Adil Rashid : 133.33, Jofra Archer : 100.00, Martin Guptill : 50.00, Henry Nicholls : 0.00, Kane Williamson : 67.50, Ross Taylor : 66.67, Tom Latham : 87.69, James Neesham : 70.37, Colin de Grandhomme : 23.08, Mitchell Santner : 40.00, Tim Southee : 43.75, Matt Henry : 53.85, Trent Boult : 57.14	Mitchell Santner : 1, Trent Boult : 2, Tim Southee : 1, Matt Henry : 2, Colin de Grandhomme : 0, James Neesham : 2, Chris Woakes : 1, Jofra Archer : 1, Liam Plunkett : 1, Mark Wood : 3, Joe Root : 0, Adil Rashid : 1, Ben Stokes : 1	Mitchell Santner : 6.50, Trent Boult : 5.60, Tim Southee : 7.78, Matt Henry : 5.40, Colin de Grandhomme : 11.00, James Neesham : 4.10, Chris Woakes : 5.50, Jofra Archer : 2.43, Liam Plunkett : 3.50, Mark Wood : 3.78, Joe Root : 5.00, Adil Rashid : 6.00, Ben Stokes : 2.00	England, elected to bat first	Rod Tucker, Sundaram Ravi	David Boon
40th match	Rohit Sharma	"=HYPERLINK(""https://img1.hscicdn.com/image/upload/f_auto,t_h_100/lsci/db/PICTURES/CMS/302300/302374.jpg"",""Rohit Sharma"")"	India	KL Rahul : 77, Rohit Sharma : 104, Virat Kohli : 26, Rishabh Pant : 48, Hardik Pandya : 0, MS Dhoni : 35, Dinesh Karthik : 8, Bhuvneshwar Kumar : 2, Mohammed Shami : 1, Jasprit Bumrah : 0, Tamim Iqbal : 22, Soumya Sarkar : 33, Shakib Al Hasan : 66, Mushfiqur Rahim : 24, Liton Das : 22, Mosaddek Hossain : 3, Sabbir Rahman : 36, Mohammad Saifuddin : 51, Mashrafe Mortaza : 8, Rubel Hossain : 9, Mustafizur Rahman : 0	KL Rahul : 92, Rohit Sharma : 92, Virat Kohli : 27, Rishabh Pant : 41, Hardik Pandya : 2, MS Dhoni : 33, Dinesh Karthik : 9, Bhuvneshwar Kumar : 3, Mohammed Shami : 2, Jasprit Bumrah : 0, Tamim Iqbal : 31, Soumya Sarkar : 38, Shakib Al Hasan : 74, Mushfiqur Rahim : 23, Liton Das : 24, Mosaddek Hossain : 7, Sabbir Rahman : 36, Mohammad Saifuddin : 38, Mashrafe Mortaza : 5, Rubel Hossain : 11, Mustafizur Rahman : 1	KL Rahul : 83.70, Rohit Sharma : 113.04, Virat Kohli : 96.30, Rishabh Pant : 117.07, Hardik Pandya : 0.00, MS Dhoni : 106.06, Dinesh Karthik : 88.89, Bhuvneshwar Kumar : 66.67, Mohammed Shami : 50.00, Jasprit Bumrah : 0.00, Tamim Iqbal : 70.97, Soumya Sarkar : 86.84, Shakib Al Hasan : 89.19, Mushfiqur Rahim : 104.35, Liton Das : 91.67, Mosaddek Hossain : 42.86, Sabbir Rahman : 100.00, Mohammad Saifuddin : 134.21, Mashrafe Mortaza : 160.00, Rubel Hossain : 81.82, Mustafizur Rahman : 0.00	Mashrafe Mortaza : 0, Mohammad Saifuddin : 0, Mustafizur Rahman : 5, Shakib Al Hasan : 1, Mosaddek Hossain : 0, Rubel Hossain : 1, Soumya Sarkar : 1, Bhuvneshwar Kumar : 1, Jasprit Bumrah : 4, Mohammed Shami : 1, Yuzvendra Chahal : 1, Hardik Pandya : 3	Mashrafe Mortaza : 7.20, Mohammad Saifuddin : 8.43, Mustafizur Rahman : 5.90, Shakib Al Hasan : 4.10, Mosaddek Hossain : 8.00, Rubel Hossain : 6.00, Soumya Sarkar : 5.50, Bhuvneshwar Kumar : 5.67, Jasprit Bumrah : 5.50, Mohammed Shami : 7.56, Yuzvendra Chahal : 5.00, Hardik Pandya : 6.00	India, elected to bat first	Marais Erasmus, Ruchira Palliyaguruge	Ranjan Madugalle
39th match	Avishka Fernando	"=HYPERLINK(""https://img1.hscicdn.com/image/upload/f_auto,t_h_100/lsci/db/PICTURES/CMS/289600/289652.1.jpg"",""Avishka Fernando"")"	Sri Lanka	Dimuth Karunaratne : 32, Kusal Perera : 64, Avishka Fernando : 104, Kusal Mendis : 39, Angelo Mathews : 26, Lahiru Thirimanne : 45, Isuru Udana : 3, Dhananjaya de Silva : 6, Chris Gayle : 35, Sunil Ambris : 5, Shai Hope : 5, Shimron Hetmyer : 29, Nicholas Pooran : 118, Jason Holder : 26, Carlos Brathwaite : 8, Fabian Allen : 51, Sheldon Cottrell : 7, Oshane Thomas : 1, Shannon Gabriel : 3	Dimuth Karunaratne : 48, Kusal Perera : 51, Avishka Fernando : 103, Kusal Mendis : 41, Angelo Mathews : 20, Lahiru Thirimanne : 33, Isuru Udana : 6, Dhananjaya de Silva : 3, Chris Gayle : 48, Sunil Ambris : 6, Shai Hope : 11, Shimron Hetmyer : 38, Nicholas Pooran : 103, Jason Holder : 26, Carlos Brathwaite : 15, Fabian Allen : 32, Sheldon Cottrell : 10, Oshane Thomas : 6, Shannon Gabriel : 7	Dimuth Karunaratne : 66.67, Kusal Perera : 125.49, Avishka Fernando : 100.97, Kusal Mendis : 95.12, Angelo Mathews : 130.00, Lahiru Thirimanne : 136.36, Isuru Udana : 50.00, Dhananjaya de Silva : 200.00, Chris Gayle : 72.92, Sunil Ambris : 83.33, Shai Hope : 45.45, Shimron Hetmyer : 76.32, Nicholas Pooran : 114.56, Jason Holder : 100.00, Carlos Brathwaite : 53.33, Fabian Allen : 159.38, Sheldon Cottrell : 70.00, Oshane Thomas : 16.67, Shannon Gabriel : 42.86	Sheldon Cottrell : 1, Oshane Thomas : 1, Shannon Gabriel : 0, Jason Holder : 2, Carlos Brathwaite : 0, Fabian Allen : 1, Lasith Malinga : 3, Dhananjaya de Silva : 0, Isuru Udana : 0, Kasun Rajitha : 1, Jeffrey Vandersay : 1, Dimuth Karunaratne : 0, Angelo Mathews : 1	Sheldon Cottrell : 6.90, Oshane Thomas : 5.80, Shannon Gabriel : 9.20, Jason Holder : 5.90, Carlos Brathwaite : 7.57, Fabian Allen : 5.50, Lasith Malinga : 5.50, Dhananjaya de Silva : 4.90, Isuru Udana : 6.70, Kasun Rajitha : 7.60, Jeffrey Vandersay : 7.14, Dimuth Karunaratne : 7.00, Angelo Mathews : 3.00	West Indies, elected to field first	Bruce Oxenford, Paul Reiffel	David Boon
38th match	Jonny Bairstow	"=HYPERLINK(""https://img1.hscicdn.com/image/upload/f_auto,t_h_100/lsci/db/PICTURES/CMS/304900/304906.jpg"",""Jonny Bairstow"")"	England	Jason Roy : 66, Jonny Bairstow : 111, Joe Root : 44, Eoin Morgan : 1, Ben Stokes : 79, Jos Buttler : 20, Chris Woakes : 7, Liam Plunkett : 1, Jofra Archer : 0, KL Rahul : 0, Rohit Sharma : 102, Virat Kohli : 66, Rishabh Pant : 32, Hardik Pandya : 45, MS Dhoni : 42, Kedar Jadhav : 12	Jason Roy : 57, Jonny Bairstow : 109, Joe Root : 54, Eoin Morgan : 9, Ben Stokes : 54, Jos Buttler : 8, Chris Woakes : 5, Liam Plunkett : 4, Jofra Archer : 0, KL Rahul : 9, Rohit Sharma : 109, Virat Kohli : 76, Rishabh Pant : 29, Hardik Pandya : 33, MS Dhoni : 31, Kedar Jadhav : 13	Jason Roy : 115.79, Jonny Bairstow : 101.83, Joe Root : 81.48, Eoin Morgan : 11.11, Ben Stokes : 146.30, Jos Buttler : 250.00, Chris Woakes : 140.00, Liam Plunkett : 25.00, Jofra Archer : 0.00, KL Rahul : 0.00, Rohit Sharma : 93.58, Virat Kohli : 86.84, Rishabh Pant : 110.34, Hardik Pandya : 136.36, MS Dhoni : 135.48, Kedar Jadhav : 92.31	Mohammed Shami : 5, Jasprit Bumrah : 1, Yuzvendra Chahal : 0, Hardik Pandya : 0, Kuldeep Yadav : 1, Chris Woakes : 2, Jofra Archer : 0, Liam Plunkett : 3, Mark Wood : 0, Adil Rashid : 0, Ben Stokes : 0	Mohammed Shami : 6.90, Jasprit Bumrah : 4.40, Yuzvendra Chahal : 8.80, Hardik Pandya : 6.00, Kuldeep Yadav : 7.20, Chris Woakes : 5.80, Jofra Archer : 4.50, Liam Plunkett : 5.50, Mark Wood : 7.30, Adil Rashid : 6.67, Ben Stokes : 8.50	England, elected to bat first	Aleem Dar, Kumar Dharmasena	Ranjan Madugalle
37th match	Alex Carey	"=HYPERLINK(""https://img1.hscicdn.com/image/upload/f_auto,t_h_100/lsci/db/PICTURES/CMS/289900/289949.jpg"",""Alex Carey"")"	Australia	David Warner : 16, Aaron Finch : 8, Usman Khawaja : 88, Steven Smith : 5, Marcus Stoinis : 21, Glenn Maxwell : 1, Alex Carey : 71, Pat Cummins : 23, Mitchell Starc : 0, Jason Behrendorff : 0, Nathan Lyon : 0, Martin Guptill : 20, Henry Nicholls : 8, Kane Williamson : 40, Ross Taylor : 30, Tom Latham : 14, Colin de Grandhomme : 0, James Neesham : 9, Mitchell Santner : 12, Ish Sodhi : 5, Lockie Ferguson : 0, Trent Boult : 2	David Warner : 23, Aaron Finch : 15, Usman Khawaja : 129, Steven Smith : 8, Marcus Stoinis : 26, Glenn Maxwell : 5, Alex Carey : 72, Pat Cummins : 19, Mitchell Starc : 1, Jason Behrendorff : 1, Nathan Lyon : 1, Martin Guptill : 43, Henry Nicholls : 20, Kane Williamson : 51, Ross Taylor : 54, Tom Latham : 28, Colin de Grandhomme : 1, James Neesham : 22, Mitchell Santner : 29, Ish Sodhi : 4, Lockie Ferguson : 3, Trent Boult : 7	David Warner : 69.57, Aaron Finch : 53.33, Usman Khawaja : 68.22, Steven Smith : 62.50, Marcus Stoinis : 80.77, Glenn Maxwell : 20.00, Alex Carey : 98.61, Pat Cummins : 121.05, Mitchell Starc : 0.00, Jason Behrendorff : 0.00, Nathan Lyon : 0.00, Martin Guptill : 46.51, Henry Nicholls : 40.00, Kane Williamson : 78.43, Ross Taylor : 55.56, Tom Latham : 50.00, Colin de Grandhomme : 0.00, James Neesham : 40.91, Mitchell Santner : 41.38, Ish Sodhi : 125.00, Lockie Ferguson : 0.00, Trent Boult : 28.57	Trent Boult : 4, Colin de Grandhomme : 0, Lockie Ferguson : 2, Ish Sodhi : 0, James Neesham : 2, Mitchell Santner : 0, Kane Williamson : 1, Jason Behrendorff : 2, Mitchell Starc : 5, Pat Cummins : 1, Nathan Lyon : 1, Steven Smith : 1, Aaron Finch : 0, Marcus Stoinis : 0, Glenn Maxwell : 0	Trent Boult : 5.10, Colin de Grandhomme : 3.63, Lockie Ferguson : 4.90, Ish Sodhi : 5.83, James Neesham : 4.67, Mitchell Santner : 7.67, Kane Williamson : 3.57, Jason Behrendorff : 3.44, Mitchell Starc : 2.69, Pat Cummins : 2.33, Nathan Lyon : 3.60, Steven Smith : 3.00, Aaron Finch : 7.00, Marcus Stoinis : 6.00, Glenn Maxwell : 4.50	Australia, elected to bat first	Joel Wilson, Richard Illingworth	Richie Richardson
36th match	Imad Wasim	"=HYPERLINK(""https://img1.hscicdn.com/image/upload/f_auto,t_h_100/lsci/db/PICTURES/CMS/302800/302871.jpg"",""Imad Wasim"")"	Pakistan	Rahmat Shah : 35, Gulbadin Naib : 15, Hashmatullah Shahidi : 0, Ikram Alikhil : 24, Asghar Afghan : 42, Mohammad Nabi : 16, Najibullah Zadran : 42, Samiullah Shinwari : 19, Rashid Khan : 8, Hamid Hassan : 1, Mujeeb Ur Rahman : 7, Fakhar Zaman : 0, Imam-ul-Haq : 36, Babar Azam : 45, Mohammad Hafeez : 19, Haris Sohail : 27, Sarfaraz Ahmed : 18, Imad Wasim : 49, Shadab Khan : 11, Wahab Riaz : 15	Rahmat Shah : 43, Gulbadin Naib : 12, Hashmatullah Shahidi : 1, Ikram Alikhil : 66, Asghar Afghan : 35, Mohammad Nabi : 33, Najibullah Zadran : 54, Samiullah Shinwari : 32, Rashid Khan : 12, Hamid Hassan : 3, Mujeeb Ur Rahman : 9, Fakhar Zaman : 2, Imam-ul-Haq : 51, Babar Azam : 51, Mohammad Hafeez : 35, Haris Sohail : 57, Sarfaraz Ahmed : 22, Imad Wasim : 54, Shadab Khan : 17, Wahab Riaz : 9	Rahmat Shah : 81.40, Gulbadin Naib : 125.00, Hashmatullah Shahidi : 0.00, Ikram Alikhil : 36.36, Asghar Afghan : 120.00, Mohammad Nabi : 48.48, Najibullah Zadran : 77.78, Samiullah Shinwari : 59.38, Rashid Khan : 66.67, Hamid Hassan : 33.33, Mujeeb Ur Rahman : 77.78, Fakhar Zaman : 0.00, Imam-ul-Haq : 70.59, Babar Azam : 88.24, Mohammad Hafeez : 54.29, Haris Sohail : 47.37, Sarfaraz Ahmed : 81.82, Imad Wasim : 90.74, Shadab Khan : 64.71, Wahab Riaz : 166.67	Imad Wasim : 2, Mohammad Amir : 0, Shaheen Shah Afridi : 4, Mohammad Hafeez : 0, Wahab Riaz : 2, Shadab Khan : 1, Mujeeb Ur Rahman : 2, Hamid Hassan : 0, Gulbadin Naib : 0, Mohammad Nabi : 2, Rashid Khan : 1, Samiullah Shinwari : 0	Imad Wasim : 4.80, Mohammad Amir : 4.10, Shaheen Shah Afridi : 4.70, Mohammad Hafeez : 5.00, Wahab Riaz : 3.63, Shadab Khan : 4.40, Mujeeb Ur Rahman : 3.40, Hamid Hassan : 6.50, Gulbadin Naib : 7.55, Mohammad Nabi : 2.30, Rashid Khan : 5.00, Samiullah Shinwari : 4.00	Afghanistan, elected to bat first	Nigel Llong, Paul Wilson	Chris Broad
35th match	Dwaine Pretorius	"=HYPERLINK(""https://img1.hscicdn.com/image/upload/f_auto,t_h_100/lsci/db/PICTURES/CMS/263700/263781.1.jpg"",""Dwaine Pretorius"")"	South Africa	Dimuth Karunaratne : 0, Kusal Perera : 30, Avishka Fernando : 30, Kusal Mendis : 23, Angelo Mathews : 11, Dhananjaya de Silva : 24, Jeevan Mendis : 18, Thisara Perera : 21, Isuru Udana : 17, Suranga Lakmal : 5, Lasith Malinga : 4, Quinton de Kock : 15, Hashim Amla : 80, Faf du Plessis : 96	Dimuth Karunaratne : 1, Kusal Perera : 34, Avishka Fernando : 29, Kusal Mendis : 51, Angelo Mathews : 29, Dhananjaya de Silva : 41, Jeevan Mendis : 46, Thisara Perera : 25, Isuru Udana : 32, Suranga Lakmal : 7, Lasith Malinga : 2, Quinton de Kock : 16, Hashim Amla : 105, Faf du Plessis : 103	Dimuth Karunaratne : 0.00, Kusal Perera : 88.24, Avishka Fernando : 103.45, Kusal Mendis : 45.10, Angelo Mathews : 37.93, Dhananjaya de Silva : 58.54, Jeevan Mendis : 39.13, Thisara Perera : 84.00, Isuru Udana : 53.13, Suranga Lakmal : 71.43, Lasith Malinga : 200.00, Quinton de Kock : 93.75, Hashim Amla : 76.19, Faf du Plessis : 93.20	Kagiso Rabada : 2, Chris Morris : 3, Dwaine Pretorius : 3, Andile Phehlukwayo : 1, Imran Tahir : 0, Jean-Paul Duminy : 1, Lasith Malinga : 1, Dhananjaya de Silva : 0, Suranga Lakmal : 0, Thisara Perera : 0, Jeevan Mendis : 0, Isuru Udana : 0	Kagiso Rabada : 3.60, Chris Morris : 4.84, Dwaine Pretorius : 2.50, Andile Phehlukwayo : 4.75, Imran Tahir : 3.60, Jean-Paul Duminy : 7.50, Lasith Malinga : 4.70, Dhananjaya de Silva : 4.50, Suranga Lakmal : 7.83, Thisara Perera : 5.25, Jeevan Mendis : 5.14, Isuru Udana : 5.80	South Africa, elected to field first	Rod Tucker, Sundaram Ravi	David Boon
34th match	Virat Kohli	"=HYPERLINK(""https://img1.hscicdn.com/image/upload/f_auto,t_h_100/lsci/db/PICTURES/CMS/289000/289002.1.jpg"",""Virat Kohli"")"	India	KL Rahul : 48, Rohit Sharma : 18, Virat Kohli : 72, Vijay Shankar : 14, Kedar Jadhav : 7, MS Dhoni : 56, Hardik Pandya : 46, Mohammed Shami : 0, Kuldeep Yadav : 0, Chris Gayle : 6, Sunil Ambris : 31, Shai Hope : 5, Nicholas Pooran : 28, Shimron Hetmyer : 18, Jason Holder : 6, Carlos Brathwaite : 1, Fabian Allen : 0, Kemar Roach : 14, Sheldon Cottrell : 10, Oshane Thomas : 6	KL Rahul : 64, Rohit Sharma : 23, Virat Kohli : 82, Vijay Shankar : 19, Kedar Jadhav : 10, MS Dhoni : 61, Hardik Pandya : 38, Mohammed Shami : 2, Kuldeep Yadav : 1, Chris Gayle : 19, Sunil Ambris : 40, Shai Hope : 10, Nicholas Pooran : 50, Shimron Hetmyer : 29, Jason Holder : 13, Carlos Brathwaite : 5, Fabian Allen : 1, Kemar Roach : 21, Sheldon Cottrell : 8, Oshane Thomas : 11	KL Rahul : 75.00, Rohit Sharma : 78.26, Virat Kohli : 87.80, Vijay Shankar : 73.68, Kedar Jadhav : 70.00, MS Dhoni : 91.80, Hardik Pandya : 121.05, Mohammed Shami : 0.00, Kuldeep Yadav : 0.00, Chris Gayle : 31.58, Sunil Ambris : 77.50, Shai Hope : 50.00, Nicholas Pooran : 56.00, Shimron Hetmyer : 62.07, Jason Holder : 46.15, Carlos Brathwaite : 20.00, Fabian Allen : 0.00, Kemar Roach : 66.67, Sheldon Cottrell : 125.00, Oshane Thomas : 54.55	Sheldon Cottrell : 2, Kemar Roach : 3, Oshane Thomas : 0, Fabian Allen : 0, Jason Holder : 2, Carlos Brathwaite : 0, Mohammed Shami : 4, Jasprit Bumrah : 2, Hardik Pandya : 1, Kuldeep Yadav : 1, Kedar Jadhav : 0, Yuzvendra Chahal : 2	Sheldon Cottrell : 5.00, Kemar Roach : 3.60, Oshane Thomas : 9.00, Fabian Allen : 5.20, Jason Holder : 3.30, Carlos Brathwaite : 11.00, Mohammed Shami : 2.53, Jasprit Bumrah : 1.50, Hardik Pandya : 5.60, Kuldeep Yadav : 3.89, Kedar Jadhav : 4.00, Yuzvendra Chahal : 5.57	India, elected to bat first	Richard Illingworth, Richard Kettleborough	Chris Broad
33rd match	Babar Azam	"=HYPERLINK(""https://img1.hscicdn.com/image/upload/f_auto,t_h_100/lsci/db/PICTURES/CMS/302700/302768.jpg"",""Babar Azam"")"	Pakistan	Martin Guptill : 5, Colin Munro : 12, Kane Williamson : 41, Ross Taylor : 3, Tom Latham : 1, James Neesham : 97, Colin de Grandhomme : 64, Mitchell Santner : 5, Imam-ul-Haq : 19, Fakhar Zaman : 9, Babar Azam : 101, Mohammad Hafeez : 32, Haris Sohail : 68, Sarfaraz Ahmed : 5	Martin Guptill : 4, Colin Munro : 17, Kane Williamson : 69, Ross Taylor : 8, Tom Latham : 14, James Neesham : 112, Colin de Grandhomme : 71, Mitchell Santner : 5, Imam-ul-Haq : 29, Fakhar Zaman : 10, Babar Azam : 127, Mohammad Hafeez : 50, Haris Sohail : 76, Sarfaraz Ahmed : 3	Martin Guptill : 125.00, Colin Munro : 70.59, Kane Williamson : 59.42, Ross Taylor : 37.50, Tom Latham : 7.14, James Neesham : 86.61, Colin de Grandhomme : 90.14, Mitchell Santner : 100.00, Imam-ul-Haq : 65.52, Fakhar Zaman : 90.00, Babar Azam : 79.53, Mohammad Hafeez : 64.00, Haris Sohail : 89.47, Sarfaraz Ahmed : 166.67	Mohammad Hafeez : 0, Mohammad Amir : 1, Shaheen Shah Afridi : 3, Imad Wasim : 0, Shadab Khan : 1, Wahab Riaz : 0, Trent Boult : 1, Matt Henry : 0, Lockie Ferguson : 1, Colin de Grandhomme : 0, Mitchell Santner : 0, James Neesham : 0, Kane Williamson : 1, Colin Munro : 0	Mohammad Hafeez : 3.14, Mohammad Amir : 6.70, Shaheen Shah Afridi : 2.80, Imad Wasim : 5.67, Shadab Khan : 4.30, Wahab Riaz : 5.50, Trent Boult : 4.80, Matt Henry : 3.57, Lockie Ferguson : 6.12, Colin de Grandhomme : 6.00, Mitchell Santner : 3.80, James Neesham : 6.67, Kane Williamson : 4.88, Colin Munro : 9.00	New Zealand, elected to bat first	Bruce Oxenford, Paul Reiffel	Richie Richardson
32nd match	Aaron Finch	"=HYPERLINK(""https://img1.hscicdn.com/image/upload/f_auto,t_h_100/lsci/db/PICTURES/CMS/304000/304053.jpg"",""Aaron Finch"")"	Australia	Aaron Finch : 100, David Warner : 53, Usman Khawaja : 23, Steven Smith : 38, Glenn Maxwell : 12, Marcus Stoinis : 8, Alex Carey : 38, Pat Cummins : 1, Mitchell Starc : 4, James Vince : 0, Jonny Bairstow : 27, Joe Root : 8, Eoin Morgan : 4, Ben Stokes : 89, Jos Buttler : 25, Chris Woakes : 26, Moeen Ali : 6, Adil Rashid : 25, Jofra Archer : 1, Mark Wood : 1	Aaron Finch : 116, David Warner : 61, Usman Khawaja : 29, Steven Smith : 34, Glenn Maxwell : 8, Marcus Stoinis : 15, Alex Carey : 27, Pat Cummins : 4, Mitchell Starc : 6, James Vince : 2, Jonny Bairstow : 39, Joe Root : 9, Eoin Morgan : 7, Ben Stokes : 115, Jos Buttler : 27, Chris Woakes : 34, Moeen Ali : 9, Adil Rashid : 20, Jofra Archer : 4, Mark Wood : 2	Aaron Finch : 86.21, David Warner : 86.89, Usman Khawaja : 79.31, Steven Smith : 111.76, Glenn Maxwell : 150.00, Marcus Stoinis : 53.33, Alex Carey : 140.74, Pat Cummins : 25.00, Mitchell Starc : 66.67, James Vince : 0.00, Jonny Bairstow : 69.23, Joe Root : 88.89, Eoin Morgan : 57.14, Ben Stokes : 77.39, Jos Buttler : 92.59, Chris Woakes : 76.47, Moeen Ali : 66.67, Adil Rashid : 125.00, Jofra Archer : 25.00, Mark Wood : 50.00	Chris Woakes : 2, Jofra Archer : 1, Mark Wood : 1, Ben Stokes : 1, Moeen Ali : 1, Adil Rashid : 0, Jason Behrendorff : 5, Mitchell Starc : 4, Pat Cummins : 0, Nathan Lyon : 0, Marcus Stoinis : 1, Glenn Maxwell : 0	Chris Woakes : 4.60, Jofra Archer : 6.22, Mark Wood : 6.56, Ben Stokes : 4.83, Moeen Ali : 7.00, Adil Rashid : 4.90, Jason Behrendorff : 4.40, Mitchell Starc : 4.96, Pat Cummins : 5.13, Nathan Lyon : 4.78, Marcus Stoinis : 4.14, Glenn Maxwell : 7.50	England, elected to field first	Chris Gaffaney, Sundaram Ravi	Ranjan Madugalle
31st match	Shakib Al Hasan	"=HYPERLINK(""https://img1.hscicdn.com/image/upload/f_auto,t_h_100/lsci/db/PICTURES/CMS/303100/303157.jpg"",""Shakib Al Hasan"")"	Bangladesh	Liton Das : 16, Tamim Iqbal : 36, Shakib Al Hasan : 51, Mushfiqur Rahim : 83, Soumya Sarkar : 3, Mahmudullah : 27, Mosaddek Hossain : 35, Mohammad Saifuddin : 2, Gulbadin Naib : 47, Rahmat Shah : 24, Hashmatullah Shahidi : 11, Asghar Afghan : 20, Mohammad Nabi : 0, Samiullah Shinwari : 49, Ikram Alikhil : 11, Najibullah Zadran : 23, Rashid Khan : 2, Dawlat Zadran : 0, Mujeeb Ur Rahman : 0	Liton Das : 17, Tamim Iqbal : 53, Shakib Al Hasan : 69, Mushfiqur Rahim : 87, Soumya Sarkar : 10, Mahmudullah : 38, Mosaddek Hossain : 24, Mohammad Saifuddin : 2, Gulbadin Naib : 75, Rahmat Shah : 35, Hashmatullah Shahidi : 31, Asghar Afghan : 38, Mohammad Nabi : 2, Samiullah Shinwari : 51, Ikram Alikhil : 12, Najibullah Zadran : 23, Rashid Khan : 3, Dawlat Zadran : 8, Mujeeb Ur Rahman : 4	Liton Das : 94.12, Tamim Iqbal : 67.92, Shakib Al Hasan : 73.91, Mushfiqur Rahim : 95.40, Soumya Sarkar : 30.00, Mahmudullah : 71.05, Mosaddek Hossain : 145.83, Mohammad Saifuddin : 100.00, Gulbadin Naib : 62.67, Rahmat Shah : 68.57, Hashmatullah Shahidi : 35.48, Asghar Afghan : 52.63, Mohammad Nabi : 0.00, Samiullah Shinwari : 96.08, Ikram Alikhil : 91.67, Najibullah Zadran : 100.00, Rashid Khan : 66.67, Dawlat Zadran : 0.00, Mujeeb Ur Rahman : 0.00	Mujeeb Ur Rahman : 3, Dawlat Zadran : 1, Mohammad Nabi : 1, Gulbadin Naib : 2, Rashid Khan : 0, Rahmat Shah : 0, Mashrafe Mortaza : 0, Mustafizur Rahman : 2, Mohammad Saifuddin : 1, Shakib Al Hasan : 5, Mehidy Hasan Miraz : 0, Mosaddek Hossain : 1	Mujeeb Ur Rahman : 3.90, Dawlat Zadran : 7.11, Mohammad Nabi : 4.40, Gulbadin Naib : 5.60, Rashid Khan : 5.20, Rahmat Shah : 7.00, Mashrafe Mortaza : 5.29, Mustafizur Rahman : 4.00, Mohammad Saifuddin : 4.13, Shakib Al Hasan : 2.90, Mehidy Hasan Miraz : 4.63, Mosaddek Hossain : 4.17	Afghanistan, elected to field first	Michael Gough, Richard Kettleborough	Richie Richardson
30th match	Haris Sohail	"=HYPERLINK(""https://img1.hscicdn.com/image/upload/f_auto,t_h_100/lsci/db/PICTURES/CMS/302700/302773.jpg"",""Haris Sohail"")"	Pakistan	Imam-ul-Haq : 44, Fakhar Zaman : 44, Babar Azam : 69, Mohammad Hafeez : 20, Haris Sohail : 89, Imad Wasim : 23, Wahab Riaz : 4, Sarfaraz Ahmed : 2, Shadab Khan : 1, Hashim Amla : 2, Quinton de Kock : 47, Faf du Plessis : 63, Aiden Markram : 7, Rassie van der Dussen : 36, David Miller : 31, Andile Phehlukwayo : 46, Chris Morris : 16, Kagiso Rabada : 3, Lungi Ngidi : 1, Imran Tahir : 1	Imam-ul-Haq : 58, Fakhar Zaman : 50, Babar Azam : 80, Mohammad Hafeez : 33, Haris Sohail : 59, Imad Wasim : 15, Wahab Riaz : 4, Sarfaraz Ahmed : 2, Shadab Khan : 1, Hashim Amla : 3, Quinton de Kock : 60, Faf du Plessis : 79, Aiden Markram : 16, Rassie van der Dussen : 47, David Miller : 37, Andile Phehlukwayo : 32, Chris Morris : 10, Kagiso Rabada : 7, Lungi Ngidi : 6, Imran Tahir : 3	Imam-ul-Haq : 75.86, Fakhar Zaman : 88.00, Babar Azam : 86.25, Mohammad Hafeez : 60.61, Haris Sohail : 150.85, Imad Wasim : 153.33, Wahab Riaz : 100.00, Sarfaraz Ahmed : 100.00, Shadab Khan : 100.00, Hashim Amla : 66.67, Quinton de Kock : 78.33, Faf du Plessis : 79.75, Aiden Markram : 43.75, Rassie van der Dussen : 76.60, David Miller : 83.78, Andile Phehlukwayo : 143.75, Chris Morris : 160.00, Kagiso Rabada : 42.86, Lungi Ngidi : 16.67, Imran Tahir : 33.33	Kagiso Rabada : 0, Lungi Ngidi : 3, Chris Morris : 0, Andile Phehlukwayo : 1, Imran Tahir : 2, Aiden Markram : 1, Mohammad Hafeez : 0, Mohammad Amir : 2, Shaheen Shah Afridi : 1, Imad Wasim : 0, Wahab Riaz : 3, Shadab Khan : 3	Kagiso Rabada : 6.50, Lungi Ngidi : 7.11, Chris Morris : 6.78, Andile Phehlukwayo : 6.13, Imran Tahir : 4.10, Aiden Markram : 5.50, Mohammad Hafeez : 5.50, Mohammad Amir : 4.90, Shaheen Shah Afridi : 6.75, Imad Wasim : 4.80, Wahab Riaz : 4.60, Shadab Khan : 5.00	Pakistan, elected to bat first	Joel Wilson, Kumar Dharmasena	Ranjan Madugalle
29th match	Kane Williamson	"=HYPERLINK(""https://img1.hscicdn.com/image/upload/f_auto,t_h_100/lsci/db/PICTURES/CMS/303600/303652.png"",""Kane Williamson"")"	New Zealand	Martin Guptill : 0, Colin Munro : 0, Kane Williamson : 148, Ross Taylor : 69, Tom Latham : 12, James Neesham : 28, Colin de Grandhomme : 16, Mitchell Santner : 10, Matt Henry : 0, Chris Gayle : 87, Shai Hope : 1, Nicholas Pooran : 1, Shimron Hetmyer : 54, Jason Holder : 0, Carlos Brathwaite : 101, Ashley Nurse : 1, Evin Lewis : 0, Kemar Roach : 14, Sheldon Cottrell : 15, Oshane Thomas : 0	Martin Guptill : 1, Colin Munro : 1, Kane Williamson : 154, Ross Taylor : 95, Tom Latham : 16, James Neesham : 23, Colin de Grandhomme : 6, Mitchell Santner : 5, Matt Henry : 0, Chris Gayle : 84, Shai Hope : 3, Nicholas Pooran : 7, Shimron Hetmyer : 45, Jason Holder : 1, Carlos Brathwaite : 82, Ashley Nurse : 8, Evin Lewis : 3, Kemar Roach : 31, Sheldon Cottrell : 26, Oshane Thomas : 4	Martin Guptill : 0.00, Colin Munro : 0.00, Kane Williamson : 96.10, Ross Taylor : 72.63, Tom Latham : 75.00, James Neesham : 121.74, Colin de Grandhomme : 266.67, Mitchell Santner : 200.00, Matt Henry : 0.00, Chris Gayle : 103.57, Shai Hope : 33.33, Nicholas Pooran : 14.29, Shimron Hetmyer : 120.00, Jason Holder : 0.00, Carlos Brathwaite : 123.17, Ashley Nurse : 12.50, Evin Lewis : 0.00, Kemar Roach : 45.16, Sheldon Cottrell : 57.69, Oshane Thomas : 0.00	Sheldon Cottrell : 4, Kemar Roach : 0, Jason Holder : 0, Oshane Thomas : 0, Carlos Brathwaite : 2, Ashley Nurse : 0, Chris Gayle : 1, Trent Boult : 4, Matt Henry : 1, Lockie Ferguson : 3, James Neesham : 1, Mitchell Santner : 0, Colin de Grandhomme : 1	Sheldon Cottrell : 5.60, Kemar Roach : 3.80, Jason Holder : 6.00, Oshane Thomas : 5.00, Carlos Brathwaite : 9.67, Ashley Nurse : 6.11, Chris Gayle : 4.00, Trent Boult : 3.00, Matt Henry : 8.44, Lockie Ferguson : 5.90, James Neesham : 5.83, Mitchell Santner : 6.10, Colin de Grandhomme : 5.50	West Indies, elected to field first	Ian Gould, Ruchira Palliyaguruge	David Boon
28th match	Jasprit Bumrah	"=HYPERLINK(""https://img1.hscicdn.com/image/upload/f_auto,t_h_100/lsci/db/PICTURES/CMS/302300/302376.jpg"",""Jasprit Bumrah"")"	India	KL Rahul : 30, Rohit Sharma : 1, Virat Kohli : 67, Vijay Shankar : 29, MS Dhoni : 28, Kedar Jadhav : 52, Hardik Pandya : 7, Mohammed Shami : 1, Kuldeep Yadav : 1, Jasprit Bumrah : 1, Hazratullah Zazai : 10, Gulbadin Naib : 27, Rahmat Shah : 36, Hashmatullah Shahidi : 21, Asghar Afghan : 8, Mohammad Nabi : 52, Najibullah Zadran : 21, Rashid Khan : 14, Ikram Alikhil : 7, Aftab Alam : 0, Mujeeb Ur Rahman : 0	KL Rahul : 53, Rohit Sharma : 10, Virat Kohli : 63, Vijay Shankar : 41, MS Dhoni : 52, Kedar Jadhav : 68, Hardik Pandya : 9, Mohammed Shami : 2, Kuldeep Yadav : 1, Jasprit Bumrah : 1, Hazratullah Zazai : 24, Gulbadin Naib : 42, Rahmat Shah : 63, Hashmatullah Shahidi : 45, Asghar Afghan : 19, Mohammad Nabi : 55, Najibullah Zadran : 23, Rashid Khan : 16, Ikram Alikhil : 10, Aftab Alam : 1, Mujeeb Ur Rahman : 1	KL Rahul : 56.60, Rohit Sharma : 10.00, Virat Kohli : 106.35, Vijay Shankar : 70.73, MS Dhoni : 53.85, Kedar Jadhav : 76.47, Hardik Pandya : 77.78, Mohammed Shami : 50.00, Kuldeep Yadav : 100.00, Jasprit Bumrah : 100.00, Hazratullah Zazai : 41.67, Gulbadin Naib : 64.29, Rahmat Shah : 57.14, Hashmatullah Shahidi : 46.67, Asghar Afghan : 42.11, Mohammad Nabi : 94.55, Najibullah Zadran : 91.30, Rashid Khan : 87.50, Ikram Alikhil : 70.00, Aftab Alam : 0.00, Mujeeb Ur Rahman : 0.00	Mujeeb Ur Rahman : 1, Aftab Alam : 1, Gulbadin Naib : 2, Mohammad Nabi : 2, Rashid Khan : 1, Rahmat Shah : 1, Mohammed Shami : 4, Jasprit Bumrah : 2, Yuzvendra Chahal : 2, Hardik Pandya : 2, Kuldeep Yadav : 0	Mujeeb Ur Rahman : 2.60, Aftab Alam : 7.71, Gulbadin Naib : 5.67, Mohammad Nabi : 3.67, Rashid Khan : 3.80, Rahmat Shah : 4.40, Mohammed Shami : 4.07, Jasprit Bumrah : 3.90, Yuzvendra Chahal : 3.60, Hardik Pandya : 5.10, Kuldeep Yadav : 3.90	India, elected to bat first	Aleem Dar, Richard Illingworth	Chris Broad
27th match	Lasith Malinga	"=HYPERLINK(""https://img1.hscicdn.com/image/upload/f_auto,t_h_100/lsci/db/PICTURES/CMS/305000/305097.jpg"",""Lasith Malinga"")"	Sri Lanka	Dimuth Karunaratne : 1, Kusal Perera : 2, Avishka Fernando : 49, Kusal Mendis : 46, Angelo Mathews : 85, Jeevan Mendis : 0, Dhananjaya de Silva : 29, Thisara Perera : 2, Isuru Udana : 6, Lasith Malinga : 1, Nuwan Pradeep : 1, James Vince : 14, Jonny Bairstow : 0, Joe Root : 57, Eoin Morgan : 21, Ben Stokes : 82, Jos Buttler : 10, Moeen Ali : 16, Chris Woakes : 2, Adil Rashid : 1, Jofra Archer : 3, Mark Wood : 0	Dimuth Karunaratne : 8, Kusal Perera : 6, Avishka Fernando : 39, Kusal Mendis : 68, Angelo Mathews : 115, Jeevan Mendis : 1, Dhananjaya de Silva : 47, Thisara Perera : 6, Isuru Udana : 4, Lasith Malinga : 5, Nuwan Pradeep : 1, James Vince : 18, Jonny Bairstow : 1, Joe Root : 89, Eoin Morgan : 35, Ben Stokes : 89, Jos Buttler : 9, Moeen Ali : 20, Chris Woakes : 4, Adil Rashid : 2, Jofra Archer : 11, Mark Wood : 4	Dimuth Karunaratne : 12.50, Kusal Perera : 33.33, Avishka Fernando : 125.64, Kusal Mendis : 67.65, Angelo Mathews : 73.91, Jeevan Mendis : 0.00, Dhananjaya de Silva : 61.70, Thisara Perera : 33.33, Isuru Udana : 150.00, Lasith Malinga : 20.00, Nuwan Pradeep : 100.00, James Vince : 77.78, Jonny Bairstow : 0.00, Joe Root : 64.04, Eoin Morgan : 60.00, Ben Stokes : 92.13, Jos Buttler : 111.11, Moeen Ali : 80.00, Chris Woakes : 50.00, Adil Rashid : 50.00, Jofra Archer : 27.27, Mark Wood : 0.00	Chris Woakes : 1, Jofra Archer : 3, Mark Wood : 3, Ben Stokes : 0, Moeen Ali : 0, Adil Rashid : 2, Joe Root : 0, Lasith Malinga : 4, Nuwan Pradeep : 1, Dhananjaya de Silva : 3, Thisara Perera : 0, Isuru Udana : 2, Jeevan Mendis : 0	Chris Woakes : 4.40, Jofra Archer : 5.20, Mark Wood : 5.00, Ben Stokes : 3.20, Moeen Ali : 4.00, Adil Rashid : 4.50, Joe Root : 6.50, Lasith Malinga : 4.30, Nuwan Pradeep : 3.80, Dhananjaya de Silva : 4.00, Thisara Perera : 4.25, Isuru Udana : 5.13, Jeevan Mendis : 7.67	Sri Lanka, elected to bat first	Marais Erasmus, Paul Wilson	Richie Richardson
26th match	David Warner	"=HYPERLINK(""https://img1.hscicdn.com/image/upload/f_auto,t_h_100/lsci/db/PICTURES/CMS/263500/263541.1.jpg"",""David Warner"")"	Australia	David Warner : 166, Aaron Finch : 53, Usman Khawaja : 89, Glenn Maxwell : 32, Marcus Stoinis : 17, Steven Smith : 1, Alex Carey : 11, Tamim Iqbal : 62, Soumya Sarkar : 10, Shakib Al Hasan : 41, Mushfiqur Rahim : 102, Liton Das : 20, Mahmudullah : 69, Sabbir Rahman : 0, Mehidy Hasan Miraz : 6, Mashrafe Mortaza : 6	David Warner : 147, Aaron Finch : 51, Usman Khawaja : 72, Glenn Maxwell : 10, Marcus Stoinis : 11, Steven Smith : 2, Alex Carey : 8, Tamim Iqbal : 74, Soumya Sarkar : 8, Shakib Al Hasan : 41, Mushfiqur Rahim : 97, Liton Das : 17, Mahmudullah : 50, Sabbir Rahman : 1, Mehidy Hasan Miraz : 7, Mashrafe Mortaza : 5	David Warner : 112.93, Aaron Finch : 103.92, Usman Khawaja : 123.61, Glenn Maxwell : 320.00, Marcus Stoinis : 154.55, Steven Smith : 50.00, Alex Carey : 137.50, Tamim Iqbal : 83.78, Soumya Sarkar : 125.00, Shakib Al Hasan : 100.00, Mushfiqur Rahim : 105.15, Liton Das : 117.65, Mahmudullah : 138.00, Sabbir Rahman : 0.00, Mehidy Hasan Miraz : 85.71, Mashrafe Mortaza : 120.00	Mashrafe Mortaza : 0, Mustafizur Rahman : 1, Shakib Al Hasan : 0, Rubel Hossain : 0, Mehidy Hasan Miraz : 0, Soumya Sarkar : 3, Mitchell Starc : 2, Pat Cummins : 0, Glenn Maxwell : 0, Nathan Coulter-Nile : 2, Marcus Stoinis : 2, Adam Zampa : 1	Mashrafe Mortaza : 7.00, Mustafizur Rahman : 7.67, Shakib Al Hasan : 8.33, Rubel Hossain : 9.22, Mehidy Hasan Miraz : 5.90, Soumya Sarkar : 7.25, Mitchell Starc : 5.50, Pat Cummins : 6.50, Glenn Maxwell : 8.33, Nathan Coulter-Nile : 5.80, Marcus Stoinis : 6.75, Adam Zampa : 7.56	Australia, elected to bat first	Michael Gough, Richard Kettleborough	Jeff Crowe
25th match	Kane Williamson	"=HYPERLINK(""https://img1.hscicdn.com/image/upload/f_auto,t_h_100/lsci/db/PICTURES/CMS/303600/303652.png"",""Kane Williamson"")"	New Zealand	Quinton de Kock : 5, Hashim Amla : 55, Faf du Plessis : 23, Aiden Markram : 38, Rassie van der Dussen : 67, David Miller : 36, Andile Phehlukwayo : 0, Chris Morris : 6, Martin Guptill : 35, Colin Munro : 9, Kane Williamson : 106, Ross Taylor : 1, Tom Latham : 1, James Neesham : 23, Colin de Grandhomme : 60, Mitchell Santner : 2	Quinton de Kock : 8, Hashim Amla : 83, Faf du Plessis : 35, Aiden Markram : 55, Rassie van der Dussen : 64, David Miller : 37, Andile Phehlukwayo : 5, Chris Morris : 7, Martin Guptill : 59, Colin Munro : 5, Kane Williamson : 138, Ross Taylor : 2, Tom Latham : 4, James Neesham : 34, Colin de Grandhomme : 47, Mitchell Santner : 3	Quinton de Kock : 62.50, Hashim Amla : 66.27, Faf du Plessis : 65.71, Aiden Markram : 69.09, Rassie van der Dussen : 104.69, David Miller : 97.30, Andile Phehlukwayo : 0.00, Chris Morris : 85.71, Martin Guptill : 59.32, Colin Munro : 180.00, Kane Williamson : 76.81, Ross Taylor : 50.00, Tom Latham : 25.00, James Neesham : 67.65, Colin de Grandhomme : 127.66, Mitchell Santner : 66.67	Matt Henry : 0, Trent Boult : 1, Lockie Ferguson : 3, Colin de Grandhomme : 1, Mitchell Santner : 1, Kagiso Rabada : 1, Lungi Ngidi : 1, Chris Morris : 3, Andile Phehlukwayo : 1, Imran Tahir : 0	Matt Henry : 3.40, Trent Boult : 6.30, Lockie Ferguson : 5.90, Colin de Grandhomme : 3.30, Mitchell Santner : 5.00, Kagiso Rabada : 4.20, Lungi Ngidi : 4.70, Chris Morris : 4.90, Andile Phehlukwayo : 8.59, Imran Tahir : 3.30	New Zealand, elected to field first	Ian Gould, Nigel Llong	Richie Richardson
24th match	Eoin Morgan	"=HYPERLINK(""https://img1.hscicdn.com/image/upload/f_auto,t_h_100/lsci/db/PICTURES/CMS/303900/303947.jpg"",""Eoin Morgan"")"	England	James Vince : 26, Jonny Bairstow : 90, Joe Root : 88, Eoin Morgan : 148, Jos Buttler : 2, Ben Stokes : 2, Moeen Ali : 31, Chris Woakes : 1, Noor Ali Zadran : 0, Gulbadin Naib : 37, Rahmat Shah : 46, Hashmatullah Shahidi : 76, Asghar Afghan : 44, Mohammad Nabi : 9, Najibullah Zadran : 15, Rashid Khan : 8, Ikram Alikhil : 3, Dawlat Zadran : 0	James Vince : 31, Jonny Bairstow : 99, Joe Root : 82, Eoin Morgan : 71, Jos Buttler : 2, Ben Stokes : 6, Moeen Ali : 9, Chris Woakes : 1, Noor Ali Zadran : 7, Gulbadin Naib : 28, Rahmat Shah : 74, Hashmatullah Shahidi : 100, Asghar Afghan : 48, Mohammad Nabi : 7, Najibullah Zadran : 13, Rashid Khan : 13, Ikram Alikhil : 10, Dawlat Zadran : 0	James Vince : 83.87, Jonny Bairstow : 90.91, Joe Root : 107.32, Eoin Morgan : 208.45, Jos Buttler : 100.00, Ben Stokes : 33.33, Moeen Ali : 344.44, Chris Woakes : 100.00, Noor Ali Zadran : 0.00, Gulbadin Naib : 132.14, Rahmat Shah : 62.16, Hashmatullah Shahidi : 76.00, Asghar Afghan : 91.67, Mohammad Nabi : 128.57, Najibullah Zadran : 115.38, Rashid Khan : 61.54, Ikram Alikhil : 30.00, Dawlat Zadran : 0.00	Mujeeb Ur Rahman : 0, Dawlat Zadran : 3, Mohammad Nabi : 0, Gulbadin Naib : 3, Rahmat Shah : 0, Rashid Khan : 0, Chris Woakes : 0, Jofra Archer : 3, Moeen Ali : 0, Mark Wood : 2, Ben Stokes : 0, Adil Rashid : 3	Mujeeb Ur Rahman : 4.40, Dawlat Zadran : 8.50, Mohammad Nabi : 7.78, Gulbadin Naib : 6.80, Rahmat Shah : 9.50, Rashid Khan : 12.22, Chris Woakes : 4.56, Jofra Archer : 5.20, Moeen Ali : 5.00, Mark Wood : 4.00, Ben Stokes : 3.00, Adil Rashid : 6.60	England, elected to bat first	Joel Wilson, Paul Reiffel	Ranjan Madugalle
23rd match	Shakib Al Hasan	"=HYPERLINK(""https://img1.hscicdn.com/image/upload/f_auto,t_h_100/lsci/db/PICTURES/CMS/303100/303157.jpg"",""Shakib Al Hasan"")"	Bangladesh	Chris Gayle : 0, Evin Lewis : 70, Shai Hope : 96, Nicholas Pooran : 25, Shimron Hetmyer : 50, Andre Russell : 0, Jason Holder : 33, Darren Bravo : 19, Oshane Thomas : 6, Tamim Iqbal : 48, Soumya Sarkar : 29, Shakib Al Hasan : 124, Mushfiqur Rahim : 1, Liton Das : 94	Chris Gayle : 13, Evin Lewis : 67, Shai Hope : 121, Nicholas Pooran : 30, Shimron Hetmyer : 26, Andre Russell : 2, Jason Holder : 15, Darren Bravo : 15, Oshane Thomas : 11, Tamim Iqbal : 53, Soumya Sarkar : 23, Shakib Al Hasan : 99, Mushfiqur Rahim : 5, Liton Das : 69	Chris Gayle : 0.00, Evin Lewis : 104.48, Shai Hope : 79.34, Nicholas Pooran : 83.33, Shimron Hetmyer : 192.31, Andre Russell : 0.00, Jason Holder : 220.00, Darren Bravo : 126.67, Oshane Thomas : 54.55, Tamim Iqbal : 90.57, Soumya Sarkar : 126.09, Shakib Al Hasan : 125.25, Mushfiqur Rahim : 20.00, Liton Das : 136.23	Mashrafe Mortaza : 0, Mohammad Saifuddin : 3, Mustafizur Rahman : 3, Mehidy Hasan Miraz : 0, Mosaddek Hossain : 0, Shakib Al Hasan : 2, Sheldon Cottrell : 0, Jason Holder : 0, Andre Russell : 1, Shannon Gabriel : 0, Oshane Thomas : 1, Chris Gayle : 0	Mashrafe Mortaza : 4.63, Mohammad Saifuddin : 7.20, Mustafizur Rahman : 6.56, Mehidy Hasan Miraz : 6.33, Mosaddek Hossain : 6.00, Shakib Al Hasan : 6.75, Sheldon Cottrell : 6.50, Jason Holder : 6.89, Andre Russell : 7.00, Shannon Gabriel : 9.18, Oshane Thomas : 8.67, Chris Gayle : 11.00	Bangladesh, elected to field first	Rod Tucker, Sundaram Ravi	David Boon
22nd match	Rohit Sharma	"=HYPERLINK(""https://img1.hscicdn.com/image/upload/f_auto,t_h_100/lsci/db/PICTURES/CMS/302300/302374.jpg"",""Rohit Sharma"")"	India	KL Rahul : 57, Rohit Sharma : 140, Virat Kohli : 77, Hardik Pandya : 26, MS Dhoni : 1, Vijay Shankar : 15, Kedar Jadhav : 9, Imam-ul-Haq : 7, Fakhar Zaman : 62, Babar Azam : 48, Mohammad Hafeez : 9, Sarfaraz Ahmed : 12, Shoaib Malik : 0, Imad Wasim : 46, Shadab Khan : 20	KL Rahul : 78, Rohit Sharma : 113, Virat Kohli : 65, Hardik Pandya : 19, MS Dhoni : 2, Vijay Shankar : 15, Kedar Jadhav : 8, Imam-ul-Haq : 18, Fakhar Zaman : 75, Babar Azam : 57, Mohammad Hafeez : 7, Sarfaraz Ahmed : 30, Shoaib Malik : 1, Imad Wasim : 39, Shadab Khan : 14	KL Rahul : 73.08, Rohit Sharma : 123.89, Virat Kohli : 118.46, Hardik Pandya : 136.84, MS Dhoni : 50.00, Vijay Shankar : 100.00, Kedar Jadhav : 112.50, Imam-ul-Haq : 38.89, Fakhar Zaman : 82.67, Babar Azam : 84.21, Mohammad Hafeez : 128.57, Sarfaraz Ahmed : 40.00, Shoaib Malik : 0.00, Imad Wasim : 117.95, Shadab Khan : 142.86	Mohammad Amir : 3, Hasan Ali : 1, Wahab Riaz : 1, Imad Wasim : 0, Shadab Khan : 0, Shoaib Malik : 0, Mohammad Hafeez : 0, Bhuvneshwar Kumar : 0, Jasprit Bumrah : 0, Vijay Shankar : 2, Hardik Pandya : 2, Kuldeep Yadav : 2, Yuzvendra Chahal : 0	Mohammad Amir : 4.70, Hasan Ali : 9.33, Wahab Riaz : 7.10, Imad Wasim : 4.90, Shadab Khan : 6.78, Shoaib Malik : 11.00, Mohammad Hafeez : 11.00, Bhuvneshwar Kumar : 3.00, Jasprit Bumrah : 6.50, Vijay Shankar : 4.13, Hardik Pandya : 5.50, Kuldeep Yadav : 3.56, Yuzvendra Chahal : 7.57	Pakistan, elected to field first	Bruce Oxenford, Marais Erasmus	Ranjan Madugalle
21st match	Imran Tahir	"=HYPERLINK(""https://img1.hscicdn.com/image/upload/f_auto,t_h_100/lsci/db/PICTURES/CMS/263700/263772.1.jpg"",""Imran Tahir"")"	South Africa	Hazratullah Zazai : 22, Noor Ali Zadran : 32, Rahmat Shah : 6, Hashmatullah Shahidi : 8, Asghar Afghan : 0, Mohammad Nabi : 1, Ikram Alikhil : 9, Gulbadin Naib : 5, Rashid Khan : 35, Hamid Hassan : 0, Aftab Alam : 0, Hashim Amla : 41, Quinton de Kock : 68, Andile Phehlukwayo : 17	Hazratullah Zazai : 23, Noor Ali Zadran : 58, Rahmat Shah : 22, Hashmatullah Shahidi : 22, Asghar Afghan : 5, Mohammad Nabi : 2, Ikram Alikhil : 33, Gulbadin Naib : 11, Rashid Khan : 25, Hamid Hassan : 3, Aftab Alam : 1, Hashim Amla : 83, Quinton de Kock : 72, Andile Phehlukwayo : 17	Hazratullah Zazai : 95.65, Noor Ali Zadran : 55.17, Rahmat Shah : 27.27, Hashmatullah Shahidi : 36.36, Asghar Afghan : 0.00, Mohammad Nabi : 50.00, Ikram Alikhil : 27.27, Gulbadin Naib : 45.45, Rashid Khan : 140.00, Hamid Hassan : 0.00, Aftab Alam : 0.00, Hashim Amla : 49.40, Quinton de Kock : 94.44, Andile Phehlukwayo : 100.00	Kagiso Rabada : 1, Beuran Hendricks : 0, Andile Phehlukwayo : 2, Chris Morris : 3, Imran Tahir : 4, Aftab Alam : 0, Hamid Hassan : 0, Rashid Khan : 0, Gulbadin Naib : 1, Mohammad Nabi : 0	Kagiso Rabada : 4.50, Beuran Hendricks : 5.00, Andile Phehlukwayo : 2.25, Chris Morris : 2.11, Imran Tahir : 4.14, Aftab Alam : 3.20, Hamid Hassan : 2.75, Rashid Khan : 6.43, Gulbadin Naib : 4.83, Mohammad Nabi : 4.35	South Africa, elected to field first	Chris Gaffaney, Ruchira Palliyaguruge	Andy Pycroft
20th match	Aaron Finch	"=HYPERLINK(""https://img1.hscicdn.com/image/upload/f_auto,t_h_100/lsci/db/PICTURES/CMS/304000/304053.jpg"",""Aaron Finch"")"	Australia	David Warner : 26, Aaron Finch : 153, Usman Khawaja : 10, Steven Smith : 73, Glenn Maxwell : 46, Shaun Marsh : 3, Alex Carey : 4, Pat Cummins : 0, Mitchell Starc : 5, Dimuth Karunaratne : 97, Kusal Perera : 52, Lahiru Thirimanne : 16, Kusal Mendis : 30, Angelo Mathews : 9, Milinda Siriwardana : 3, Thisara Perera : 7, Dhananjaya de Silva : 16, Isuru Udana : 8, Lasith Malinga : 1, Nuwan Pradeep : 0	David Warner : 48, Aaron Finch : 132, Usman Khawaja : 20, Steven Smith : 59, Glenn Maxwell : 25, Shaun Marsh : 9, Alex Carey : 3, Pat Cummins : 1, Mitchell Starc : 4, Dimuth Karunaratne : 108, Kusal Perera : 36, Lahiru Thirimanne : 26, Kusal Mendis : 37, Angelo Mathews : 11, Milinda Siriwardana : 4, Thisara Perera : 3, Dhananjaya de Silva : 30, Isuru Udana : 8, Lasith Malinga : 5, Nuwan Pradeep : 7	David Warner : 54.17, Aaron Finch : 115.91, Usman Khawaja : 50.00, Steven Smith : 123.73, Glenn Maxwell : 184.00, Shaun Marsh : 33.33, Alex Carey : 133.33, Pat Cummins : 0.00, Mitchell Starc : 125.00, Dimuth Karunaratne : 89.81, Kusal Perera : 144.44, Lahiru Thirimanne : 61.54, Kusal Mendis : 81.08, Angelo Mathews : 81.82, Milinda Siriwardana : 75.00, Thisara Perera : 233.33, Dhananjaya de Silva : 53.33, Isuru Udana : 100.00, Lasith Malinga : 20.00, Nuwan Pradeep : 0.00	Lasith Malinga : 1, Nuwan Pradeep : 0, Isuru Udana : 2, Thisara Perera : 0, Dhananjaya de Silva : 2, Milinda Siriwardana : 0, Mitchell Starc : 4, Pat Cummins : 2, Jason Behrendorff : 1, Kane Richardson : 3, Glenn Maxwell : 0	Lasith Malinga : 6.10, Nuwan Pradeep : 8.80, Isuru Udana : 5.70, Thisara Perera : 6.70, Dhananjaya de Silva : 5.00, Milinda Siriwardana : 8.50, Mitchell Starc : 5.50, Pat Cummins : 4.85, Jason Behrendorff : 6.56, Kane Richardson : 5.22, Glenn Maxwell : 4.60	Sri Lanka, elected to field first	Aleem Dar, Richard Illingworth	Jeff Crowe
19th match	Joe Root	"=HYPERLINK(""https://img1.hscicdn.com/image/upload/f_auto,t_h_100/lsci/db/PICTURES/CMS/303900/303966.jpg"",""Joe Root"")"	England	Chris Gayle : 36, Evin Lewis : 2, Shai Hope : 11, Nicholas Pooran : 63, Shimron Hetmyer : 39, Jason Holder : 9, Andre Russell : 21, Carlos Brathwaite : 14, Sheldon Cottrell : 0, Oshane Thomas : 0, Shannon Gabriel : 0, Jonny Bairstow : 45, Joe Root : 100, Chris Woakes : 40, Ben Stokes : 10	Chris Gayle : 41, Evin Lewis : 8, Shai Hope : 30, Nicholas Pooran : 78, Shimron Hetmyer : 48, Jason Holder : 10, Andre Russell : 16, Carlos Brathwaite : 22, Sheldon Cottrell : 1, Oshane Thomas : 11, Shannon Gabriel : 3, Jonny Bairstow : 46, Joe Root : 94, Chris Woakes : 54, Ben Stokes : 6	Chris Gayle : 87.80, Evin Lewis : 25.00, Shai Hope : 36.67, Nicholas Pooran : 80.77, Shimron Hetmyer : 81.25, Jason Holder : 90.00, Andre Russell : 131.25, Carlos Brathwaite : 63.64, Sheldon Cottrell : 0.00, Oshane Thomas : 0.00, Shannon Gabriel : 0.00, Jonny Bairstow : 97.83, Joe Root : 106.38, Chris Woakes : 74.07, Ben Stokes : 166.67	Chris Woakes : 1, Jofra Archer : 3, Liam Plunkett : 1, Mark Wood : 3, Ben Stokes : 0, Adil Rashid : 0, Joe Root : 2, Sheldon Cottrell : 0, Oshane Thomas : 0, Shannon Gabriel : 2, Andre Russell : 0, Jason Holder : 0, Carlos Brathwaite : 0, Chris Gayle : 0	Chris Woakes : 3.20, Jofra Archer : 3.33, Liam Plunkett : 6.00, Mark Wood : 2.70, Ben Stokes : 6.25, Adil Rashid : 6.10, Joe Root : 5.40, Sheldon Cottrell : 5.67, Oshane Thomas : 7.17, Shannon Gabriel : 7.00, Andre Russell : 7.00, Jason Holder : 6.00, Carlos Brathwaite : 7.00, Chris Gayle : 4.40	England, elected to field first	Kumar Dharmasena, Sundaram Ravi	David Boon
18th match		NA							no toss	Marais Erasmus, Paul Reiffel	Ranjan Madugalle
17th match	David Warner	"=HYPERLINK(""https://img1.hscicdn.com/image/upload/f_auto,t_h_100/lsci/db/PICTURES/CMS/263500/263541.1.jpg"",""David Warner"")"	Australia	Aaron Finch : 82, David Warner : 107, Steven Smith : 10, Glenn Maxwell : 20, Shaun Marsh : 23, Usman Khawaja : 18, Alex Carey : 20, Nathan Coulter-Nile : 2, Pat Cummins : 2, Mitchell Starc : 3, Kane Richardson : 1, Imam-ul-Haq : 53, Fakhar Zaman : 0, Babar Azam : 30, Mohammad Hafeez : 46, Sarfaraz Ahmed : 40, Shoaib Malik : 0, Asif Ali : 5, Hasan Ali : 32, Wahab Riaz : 45, Mohammad Amir : 0, Shaheen Shah Afridi : 1	Aaron Finch : 84, David Warner : 111, Steven Smith : 13, Glenn Maxwell : 10, Shaun Marsh : 26, Usman Khawaja : 16, Alex Carey : 21, Nathan Coulter-Nile : 3, Pat Cummins : 6, Mitchell Starc : 6, Kane Richardson : 1, Imam-ul-Haq : 75, Fakhar Zaman : 3, Babar Azam : 28, Mohammad Hafeez : 49, Sarfaraz Ahmed : 48, Shoaib Malik : 2, Asif Ali : 8, Hasan Ali : 15, Wahab Riaz : 39, Mohammad Amir : 2, Shaheen Shah Afridi : 6	Aaron Finch : 97.62, David Warner : 96.40, Steven Smith : 76.92, Glenn Maxwell : 200.00, Shaun Marsh : 88.46, Usman Khawaja : 112.50, Alex Carey : 95.24, Nathan Coulter-Nile : 66.67, Pat Cummins : 33.33, Mitchell Starc : 50.00, Kane Richardson : 100.00, Imam-ul-Haq : 70.67, Fakhar Zaman : 0.00, Babar Azam : 107.14, Mohammad Hafeez : 93.88, Sarfaraz Ahmed : 83.33, Shoaib Malik : 0.00, Asif Ali : 62.50, Hasan Ali : 213.33, Wahab Riaz : 115.38, Mohammad Amir : 0.00, Shaheen Shah Afridi : 16.67	Mohammad Amir : 5, Shaheen Shah Afridi : 2, Hasan Ali : 1, Wahab Riaz : 1, Mohammad Hafeez : 1, Shoaib Malik : 0, Pat Cummins : 3, Mitchell Starc : 2, Kane Richardson : 2, Nathan Coulter-Nile : 1, Glenn Maxwell : 0, Aaron Finch : 1	Mohammad Amir : 3.00, Shaheen Shah Afridi : 7.00, Hasan Ali : 6.70, Wahab Riaz : 5.50, Mohammad Hafeez : 8.57, Shoaib Malik : 6.50, Pat Cummins : 3.30, Mitchell Starc : 4.78, Kane Richardson : 7.15, Nathan Coulter-Nile : 5.89, Glenn Maxwell : 8.29, Aaron Finch : 6.50	Pakistan, elected to field first	Nigel Llong, Ruchira Palliyaguruge	Andy Pycroft
16th match		NA							no toss	Richard Illingworth, Richard Kettleborough	Jeff Crowe
15th match		NA		Quinton de Kock : 17, Hashim Amla : 6, Aiden Markram : 5, Faf du Plessis : 0	Quinton de Kock : 21, Hashim Amla : 7, Aiden Markram : 10, Faf du Plessis : 7	Quinton de Kock : 80.95, Hashim Amla : 85.71, Aiden Markram : 50.00, Faf du Plessis : 0.00	Sheldon Cottrell : 2, Kemar Roach : 0, Oshane Thomas : 0	Sheldon Cottrell : 4.50, Kemar Roach : 3.33, Oshane Thomas : 2.00	West Indies, elected to field first	Paul Wilson, Rod Tucker	David Boon
14th match	Shikhar Dhawan	"=HYPERLINK(""https://img1.hscicdn.com/image/upload/f_auto,t_h_100/lsci/db/PICTURES/CMS/302300/302373.jpg"",""Shikhar Dhawan"")"	India	Rohit Sharma : 57, Shikhar Dhawan : 117, Virat Kohli : 82, Hardik Pandya : 48, MS Dhoni : 27, KL Rahul : 11, Kedar Jadhav : 0, David Warner : 56, Aaron Finch : 36, Steven Smith : 69, Usman Khawaja : 42, Glenn Maxwell : 28, Marcus Stoinis : 0, Alex Carey : 55, Nathan Coulter-Nile : 4, Pat Cummins : 8, Mitchell Starc : 3, Adam Zampa : 1	Rohit Sharma : 70, Shikhar Dhawan : 109, Virat Kohli : 77, Hardik Pandya : 27, MS Dhoni : 14, KL Rahul : 3, Kedar Jadhav : 0, David Warner : 84, Aaron Finch : 35, Steven Smith : 70, Usman Khawaja : 39, Glenn Maxwell : 14, Marcus Stoinis : 2, Alex Carey : 35, Nathan Coulter-Nile : 9, Pat Cummins : 7, Mitchell Starc : 3, Adam Zampa : 3	Rohit Sharma : 81.43, Shikhar Dhawan : 107.34, Virat Kohli : 106.49, Hardik Pandya : 177.78, MS Dhoni : 192.86, KL Rahul : 366.67, Kedar Jadhav : 0.00, David Warner : 66.67, Aaron Finch : 102.86, Steven Smith : 98.57, Usman Khawaja : 107.69, Glenn Maxwell : 200.00, Marcus Stoinis : 0.00, Alex Carey : 157.14, Nathan Coulter-Nile : 44.44, Pat Cummins : 114.29, Mitchell Starc : 100.00, Adam Zampa : 33.33	Pat Cummins : 1, Mitchell Starc : 1, Nathan Coulter-Nile : 1, Glenn Maxwell : 0, Adam Zampa : 0, Marcus Stoinis : 2, Bhuvneshwar Kumar : 3, Jasprit Bumrah : 3, Hardik Pandya : 0, Kuldeep Yadav : 0, Yuzvendra Chahal : 2, Kedar Jadhav : 0	Pat Cummins : 5.50, Mitchell Starc : 7.40, Nathan Coulter-Nile : 6.30, Glenn Maxwell : 6.43, Adam Zampa : 8.33, Marcus Stoinis : 8.86, Bhuvneshwar Kumar : 5.00, Jasprit Bumrah : 6.10, Hardik Pandya : 6.80, Kuldeep Yadav : 6.11, Yuzvendra Chahal : 6.20, Kedar Jadhav : 14.00	India, elected to bat first	Chris Gaffaney, Ian Gould	Andy Pycroft
13th match	James Neesham	"=HYPERLINK(""https://img1.hscicdn.com/image/upload/f_auto,t_h_100/lsci/db/PICTURES/CMS/303600/303603.jpg"",""James Neesham"")"	New Zealand	Hazratullah Zazai : 34, Noor Ali Zadran : 31, Rahmat Shah : 0, Hashmatullah Shahidi : 59, Gulbadin Naib : 4, Mohammad Nabi : 9, Najibullah Zadran : 4, Ikram Alikhil : 2, Rashid Khan : 0, Aftab Alam : 14, Hamid Hassan : 7, Martin Guptill : 0, Colin Munro : 22, Kane Williamson : 79, Ross Taylor : 48, Tom Latham : 13	Hazratullah Zazai : 28, Noor Ali Zadran : 38, Rahmat Shah : 4, Hashmatullah Shahidi : 99, Gulbadin Naib : 4, Mohammad Nabi : 24, Najibullah Zadran : 3, Ikram Alikhil : 22, Rashid Khan : 4, Aftab Alam : 10, Hamid Hassan : 11, Martin Guptill : 1, Colin Munro : 24, Kane Williamson : 99, Ross Taylor : 52, Tom Latham : 18	Hazratullah Zazai : 121.43, Noor Ali Zadran : 81.58, Rahmat Shah : 0.00, Hashmatullah Shahidi : 59.60, Gulbadin Naib : 100.00, Mohammad Nabi : 37.50, Najibullah Zadran : 133.33, Ikram Alikhil : 9.09, Rashid Khan : 0.00, Aftab Alam : 140.00, Hamid Hassan : 63.64, Martin Guptill : 0.00, Colin Munro : 91.67, Kane Williamson : 79.80, Ross Taylor : 92.31, Tom Latham : 72.22	Matt Henry : 0, Trent Boult : 0, Lockie Ferguson : 4, James Neesham : 5, Colin de Grandhomme : 1, Aftab Alam : 3, Hamid Hassan : 0, Gulbadin Naib : 0, Mohammad Nabi : 0, Rahmat Shah : 0	Matt Henry : 6.25, Trent Boult : 3.40, Lockie Ferguson : 4.04, James Neesham : 3.10, Colin de Grandhomme : 3.50, Aftab Alam : 5.51, Hamid Hassan : 4.29, Gulbadin Naib : 6.11, Mohammad Nabi : 6.00, Rahmat Shah : 4.20	New Zealand, elected to field first	Aleem Dar, Michael Gough	Ranjan Madugalle
12th match	Jason Roy	"=HYPERLINK(""https://img1.hscicdn.com/image/upload/f_auto,t_h_100/lsci/db/PICTURES/CMS/303900/303963.jpg"",""Jason Roy"")"	England	Jason Roy : 153, Jonny Bairstow : 51, Joe Root : 21, Jos Buttler : 64, Eoin Morgan : 35, Ben Stokes : 6, Chris Woakes : 18, Liam Plunkett : 27, Tamim Iqbal : 19, Soumya Sarkar : 2, Shakib Al Hasan : 121, Mushfiqur Rahim : 44, Mohammad Mithun : 0, Mahmudullah : 28, Mosaddek Hossain : 26, Mohammad Saifuddin : 5, Mehidy Hasan Miraz : 12, Mashrafe Mortaza : 4, Mustafizur Rahman : 0	Jason Roy : 121, Jonny Bairstow : 50, Joe Root : 29, Jos Buttler : 44, Eoin Morgan : 33, Ben Stokes : 7, Chris Woakes : 8, Liam Plunkett : 9, Tamim Iqbal : 29, Soumya Sarkar : 8, Shakib Al Hasan : 119, Mushfiqur Rahim : 50, Mohammad Mithun : 2, Mahmudullah : 41, Mosaddek Hossain : 16, Mohammad Saifuddin : 8, Mehidy Hasan Miraz : 8, Mashrafe Mortaza : 9, Mustafizur Rahman : 3	Jason Roy : 126.45, Jonny Bairstow : 102.00, Joe Root : 72.41, Jos Buttler : 145.45, Eoin Morgan : 106.06, Ben Stokes : 85.71, Chris Woakes : 225.00, Liam Plunkett : 300.00, Tamim Iqbal : 65.52, Soumya Sarkar : 25.00, Shakib Al Hasan : 101.68, Mushfiqur Rahim : 88.00, Mohammad Mithun : 0.00, Mahmudullah : 68.29, Mosaddek Hossain : 162.50, Mohammad Saifuddin : 62.50, Mehidy Hasan Miraz : 150.00, Mashrafe Mortaza : 44.44, Mustafizur Rahman : 0.00	Shakib Al Hasan : 0, Mashrafe Mortaza : 1, Mohammad Saifuddin : 2, Mustafizur Rahman : 1, Mehidy Hasan Miraz : 2, Mosaddek Hossain : 0, Chris Woakes : 0, Jofra Archer : 3, Liam Plunkett : 1, Mark Wood : 2, Adil Rashid : 1, Ben Stokes : 3	Shakib Al Hasan : 7.10, Mashrafe Mortaza : 6.80, Mohammad Saifuddin : 8.67, Mustafizur Rahman : 8.33, Mehidy Hasan Miraz : 6.70, Mosaddek Hossain : 12.00, Chris Woakes : 8.38, Jofra Archer : 3.28, Liam Plunkett : 4.50, Mark Wood : 6.50, Adil Rashid : 6.40, Ben Stokes : 3.83	Bangladesh, elected to field first	Joel Wilson, Kumar Dharmasena	David Boon
11th match		NA							no toss	Ian Gould, Nigel Llong	Andy Pycroft
10th match	Nathan Coulter-Nile	"=HYPERLINK(""https://img1.hscicdn.com/image/upload/f_auto,t_h_100/lsci/db/PICTURES/CMS/289900/289950.jpg"",""Nathan Coulter-Nile"")"	Australia	David Warner : 3, Aaron Finch : 6, Usman Khawaja : 13, Steven Smith : 73, Glenn Maxwell : 0, Marcus Stoinis : 19, Alex Carey : 45, Nathan Coulter-Nile : 92, Pat Cummins : 2, Mitchell Starc : 8, Adam Zampa : 0, Chris Gayle : 21, Evin Lewis : 1, Shai Hope : 68, Nicholas Pooran : 40, Shimron Hetmyer : 21, Jason Holder : 51, Andre Russell : 15, Carlos Brathwaite : 16, Ashley Nurse : 19, Sheldon Cottrell : 1, Oshane Thomas : 0	David Warner : 8, Aaron Finch : 10, Usman Khawaja : 19, Steven Smith : 103, Glenn Maxwell : 2, Marcus Stoinis : 23, Alex Carey : 55, Nathan Coulter-Nile : 60, Pat Cummins : 6, Mitchell Starc : 9, Adam Zampa : 0, Chris Gayle : 17, Evin Lewis : 5, Shai Hope : 105, Nicholas Pooran : 36, Shimron Hetmyer : 28, Jason Holder : 57, Andre Russell : 11, Carlos Brathwaite : 17, Ashley Nurse : 18, Sheldon Cottrell : 2, Oshane Thomas : 4	David Warner : 37.50, Aaron Finch : 60.00, Usman Khawaja : 68.42, Steven Smith : 70.87, Glenn Maxwell : 0.00, Marcus Stoinis : 82.61, Alex Carey : 81.82, Nathan Coulter-Nile : 153.33, Pat Cummins : 33.33, Mitchell Starc : 88.89, Adam Zampa : 0.00, Chris Gayle : 123.53, Evin Lewis : 20.00, Shai Hope : 64.76, Nicholas Pooran : 111.11, Shimron Hetmyer : 75.00, Jason Holder : 89.47, Andre Russell : 136.36, Carlos Brathwaite : 94.12, Ashley Nurse : 105.56, Sheldon Cottrell : 50.00, Oshane Thomas : 0.00	Oshane Thomas : 2, Sheldon Cottrell : 2, Andre Russell : 2, Carlos Brathwaite : 3, Jason Holder : 1, Ashley Nurse : 0, Mitchell Starc : 5, Pat Cummins : 2, Nathan Coulter-Nile : 0, Glenn Maxwell : 0, Adam Zampa : 1, Marcus Stoinis : 0	Oshane Thomas : 6.30, Sheldon Cottrell : 6.22, Andre Russell : 5.13, Carlos Brathwaite : 6.70, Jason Holder : 4.00, Ashley Nurse : 6.20, Mitchell Starc : 4.60, Pat Cummins : 4.10, Nathan Coulter-Nile : 7.00, Glenn Maxwell : 5.17, Adam Zampa : 5.80, Marcus Stoinis : 4.50	West Indies, elected to field first	Chris Gaffaney, Ruchira Palliyaguruge	Jeff Crowe
9th match	Ross Taylor	"=HYPERLINK(""https://img1.hscicdn.com/image/upload/f_auto,t_h_100/lsci/db/PICTURES/CMS/303600/303667.png"",""Ross Taylor"")"	New Zealand	Tamim Iqbal : 24, Soumya Sarkar : 25, Shakib Al Hasan : 64, Mushfiqur Rahim : 19, Mohammad Mithun : 26, Mahmudullah : 20, Mosaddek Hossain : 11, Mohammad Saifuddin : 29, Mehidy Hasan Miraz : 7, Mashrafe Mortaza : 1, Mustafizur Rahman : 0, Martin Guptill : 25, Colin Munro : 24, Kane Williamson : 40, Ross Taylor : 82, Tom Latham : 0, James Neesham : 25, Colin de Grandhomme : 15, Mitchell Santner : 17, Matt Henry : 6, Lockie Ferguson : 4	Tamim Iqbal : 38, Soumya Sarkar : 25, Shakib Al Hasan : 68, Mushfiqur Rahim : 35, Mohammad Mithun : 33, Mahmudullah : 41, Mosaddek Hossain : 22, Mohammad Saifuddin : 23, Mehidy Hasan Miraz : 9, Mashrafe Mortaza : 2, Mustafizur Rahman : 0, Martin Guptill : 14, Colin Munro : 34, Kane Williamson : 72, Ross Taylor : 91, Tom Latham : 4, James Neesham : 33, Colin de Grandhomme : 13, Mitchell Santner : 12, Matt Henry : 8, Lockie Ferguson : 3	Tamim Iqbal : 63.16, Soumya Sarkar : 100.00, Shakib Al Hasan : 94.12, Mushfiqur Rahim : 54.29, Mohammad Mithun : 78.79, Mahmudullah : 48.78, Mosaddek Hossain : 50.00, Mohammad Saifuddin : 126.09, Mehidy Hasan Miraz : 77.78, Mashrafe Mortaza : 50.00, Mustafizur Rahman : 0.00, Martin Guptill : 178.57, Colin Munro : 70.59, Kane Williamson : 55.56, Ross Taylor : 90.11, Tom Latham : 0.00, James Neesham : 75.76, Colin de Grandhomme : 115.38, Mitchell Santner : 141.67, Matt Henry : 75.00, Lockie Ferguson : 133.33	Matt Henry : 4, Trent Boult : 2, Lockie Ferguson : 1, Colin de Grandhomme : 1, James Neesham : 0, Mitchell Santner : 1, Mashrafe Mortaza : 0, Mehidy Hasan Miraz : 2, Mustafizur Rahman : 0, Shakib Al Hasan : 2, Mohammad Saifuddin : 2, Mosaddek Hossain : 2	Matt Henry : 5.04, Trent Boult : 4.40, Lockie Ferguson : 4.00, Colin de Grandhomme : 4.88, James Neesham : 12.00, Mitchell Santner : 4.10, Mashrafe Mortaza : 6.40, Mehidy Hasan Miraz : 4.70, Mustafizur Rahman : 6.70, Shakib Al Hasan : 4.70, Mohammad Saifuddin : 5.86, Mosaddek Hossain : 4.13	New Zealand, elected to field first	Bruce Oxenford, Paul Reiffel	David Boon
8th match	Rohit Sharma	"=HYPERLINK(""https://img1.hscicdn.com/image/upload/f_auto,t_h_100/lsci/db/PICTURES/CMS/302300/302374.jpg"",""Rohit Sharma"")"	India	Hashim Amla : 6, Quinton de Kock : 10, Faf du Plessis : 38, Rassie van der Dussen : 22, David Miller : 31, Jean-Paul Duminy : 3, Andile Phehlukwayo : 34, Chris Morris : 42, Kagiso Rabada : 31, Imran Tahir : 0, Shikhar Dhawan : 8, Rohit Sharma : 122, Virat Kohli : 18, KL Rahul : 26, MS Dhoni : 34, Hardik Pandya : 15	Hashim Amla : 9, Quinton de Kock : 17, Faf du Plessis : 54, Rassie van der Dussen : 37, David Miller : 40, Jean-Paul Duminy : 11, Andile Phehlukwayo : 61, Chris Morris : 34, Kagiso Rabada : 35, Imran Tahir : 2, Shikhar Dhawan : 12, Rohit Sharma : 144, Virat Kohli : 34, KL Rahul : 42, MS Dhoni : 46, Hardik Pandya : 7	Hashim Amla : 66.67, Quinton de Kock : 58.82, Faf du Plessis : 70.37, Rassie van der Dussen : 59.46, David Miller : 77.50, Jean-Paul Duminy : 27.27, Andile Phehlukwayo : 55.74, Chris Morris : 123.53, Kagiso Rabada : 88.57, Imran Tahir : 0.00, Shikhar Dhawan : 66.67, Rohit Sharma : 84.72, Virat Kohli : 52.94, KL Rahul : 61.90, MS Dhoni : 73.91, Hardik Pandya : 214.29	Bhuvneshwar Kumar : 2, Jasprit Bumrah : 2, Hardik Pandya : 0, Kuldeep Yadav : 1, Yuzvendra Chahal : 4, Kedar Jadhav : 0, Imran Tahir : 0, Kagiso Rabada : 2, Chris Morris : 1, Andile Phehlukwayo : 1, Tabraiz Shamsi : 0	Bhuvneshwar Kumar : 4.40, Jasprit Bumrah : 3.50, Hardik Pandya : 5.17, Kuldeep Yadav : 4.60, Yuzvendra Chahal : 5.10, Kedar Jadhav : 4.00, Imran Tahir : 5.80, Kagiso Rabada : 3.90, Chris Morris : 3.60, Andile Phehlukwayo : 4.71, Tabraiz Shamsi : 6.00	South Africa, elected to bat first	Michael Gough, Richard Kettleborough	Ranjan Madugalle
7th match	Nuwan Pradeep	"=HYPERLINK(""https://img1.hscicdn.com/image/upload/f_auto,t_h_100/lsci/db/PICTURES/CMS/263600/263677.1.png"",""Nuwan Pradeep"")"	Sri Lanka	Dimuth Karunaratne : 30, Kusal Perera : 78, Lahiru Thirimanne : 25, Kusal Mendis : 2, Angelo Mathews : 0, Dhananjaya de Silva : 0, Thisara Perera : 2, Isuru Udana : 10, Suranga Lakmal : 15, Lasith Malinga : 4, Nuwan Pradeep : 0, Mohammad Shahzad : 7, Hazratullah Zazai : 30, Rahmat Shah : 2, Hashmatullah Shahidi : 4, Mohammad Nabi : 11, Gulbadin Naib : 23, Najibullah Zadran : 43, Rashid Khan : 2, Dawlat Zadran : 6, Hamid Hassan : 6, Mujeeb Ur Rahman : 1	Dimuth Karunaratne : 45, Kusal Perera : 81, Lahiru Thirimanne : 34, Kusal Mendis : 2, Angelo Mathews : 2, Dhananjaya de Silva : 4, Thisara Perera : 4, Isuru Udana : 21, Suranga Lakmal : 13, Lasith Malinga : 14, Nuwan Pradeep : 4, Mohammad Shahzad : 12, Hazratullah Zazai : 25, Rahmat Shah : 11, Hashmatullah Shahidi : 17, Mohammad Nabi : 16, Gulbadin Naib : 32, Najibullah Zadran : 56, Rashid Khan : 4, Dawlat Zadran : 18, Hamid Hassan : 5, Mujeeb Ur Rahman : 1	Dimuth Karunaratne : 66.67, Kusal Perera : 96.30, Lahiru Thirimanne : 73.53, Kusal Mendis : 100.00, Angelo Mathews : 0.00, Dhananjaya de Silva : 0.00, Thisara Perera : 50.00, Isuru Udana : 47.62, Suranga Lakmal : 115.38, Lasith Malinga : 28.57, Nuwan Pradeep : 0.00, Mohammad Shahzad : 58.33, Hazratullah Zazai : 120.00, Rahmat Shah : 18.18, Hashmatullah Shahidi : 23.53, Mohammad Nabi : 68.75, Gulbadin Naib : 71.88, Najibullah Zadran : 76.79, Rashid Khan : 50.00, Dawlat Zadran : 33.33, Hamid Hassan : 120.00, Mujeeb Ur Rahman : 100.00	Dawlat Zadran : 2, Hamid Hassan : 1, Mujeeb Ur Rahman : 0, Mohammad Nabi : 4, Gulbadin Naib : 0, Rashid Khan : 2, Lasith Malinga : 3, Suranga Lakmal : 0, Isuru Udana : 1, Nuwan Pradeep : 4, Thisara Perera : 1, Dhananjaya de Silva : 0	Dawlat Zadran : 5.67, Hamid Hassan : 7.57, Mujeeb Ur Rahman : 6.33, Mohammad Nabi : 3.33, Gulbadin Naib : 9.50, Rashid Khan : 2.17, Lasith Malinga : 5.85, Suranga Lakmal : 4.50, Isuru Udana : 4.67, Nuwan Pradeep : 3.44, Thisara Perera : 4.75, Dhananjaya de Silva : 7.00	Afghanistan, elected to field first	Nigel Llong, Paul Wilson	Andy Pycroft
6th match	Mohammad Hafeez	"=HYPERLINK(""https://img1.hscicdn.com/image/upload/f_auto,t_h_100/lsci/db/PICTURES/CMS/302800/302841.jpg"",""Mohammad Hafeez"")"	Pakistan	Imam-ul-Haq : 44, Fakhar Zaman : 36, Babar Azam : 63, Mohammad Hafeez : 84, Sarfaraz Ahmed : 55, Asif Ali : 14, Shoaib Malik : 8, Wahab Riaz : 4, Hasan Ali : 10, Shadab Khan : 10, Jason Roy : 8, Jonny Bairstow : 32, Joe Root : 107, Eoin Morgan : 9, Ben Stokes : 13, Jos Buttler : 103, Moeen Ali : 19, Chris Woakes : 21, Jofra Archer : 1, Adil Rashid : 3, Mark Wood : 10	Imam-ul-Haq : 58, Fakhar Zaman : 40, Babar Azam : 66, Mohammad Hafeez : 62, Sarfaraz Ahmed : 44, Asif Ali : 11, Shoaib Malik : 8, Wahab Riaz : 2, Hasan Ali : 5, Shadab Khan : 4, Jason Roy : 7, Jonny Bairstow : 31, Joe Root : 104, Eoin Morgan : 18, Ben Stokes : 18, Jos Buttler : 76, Moeen Ali : 20, Chris Woakes : 14, Jofra Archer : 2, Adil Rashid : 4, Mark Wood : 6	Imam-ul-Haq : 75.86, Fakhar Zaman : 90.00, Babar Azam : 95.45, Mohammad Hafeez : 135.48, Sarfaraz Ahmed : 125.00, Asif Ali : 127.27, Shoaib Malik : 100.00, Wahab Riaz : 200.00, Hasan Ali : 200.00, Shadab Khan : 250.00, Jason Roy : 114.29, Jonny Bairstow : 103.23, Joe Root : 102.88, Eoin Morgan : 50.00, Ben Stokes : 72.22, Jos Buttler : 135.53, Moeen Ali : 95.00, Chris Woakes : 150.00, Jofra Archer : 50.00, Adil Rashid : 75.00, Mark Wood : 166.67	Chris Woakes : 3, Jofra Archer : 0, Moeen Ali : 3, Mark Wood : 2, Ben Stokes : 0, Adil Rashid : 0, Shadab Khan : 2, Mohammad Amir : 2, Wahab Riaz : 3, Hasan Ali : 0, Mohammad Hafeez : 1, Shoaib Malik : 1	Chris Woakes : 8.88, Jofra Archer : 7.90, Moeen Ali : 5.00, Mark Wood : 5.30, Ben Stokes : 6.14, Adil Rashid : 8.60, Shadab Khan : 6.30, Mohammad Amir : 6.70, Wahab Riaz : 8.20, Hasan Ali : 6.60, Mohammad Hafeez : 6.14, Shoaib Malik : 3.33	England, elected to field first	Marais Erasmus, Sundaram Ravi	Jeff Crowe
5th match	Shakib Al Hasan	"=HYPERLINK(""https://img1.hscicdn.com/image/upload/f_auto,t_h_100/lsci/db/PICTURES/CMS/303100/303157.jpg"",""Shakib Al Hasan"")"	Bangladesh	Tamim Iqbal : 16, Soumya Sarkar : 42, Shakib Al Hasan : 75, Mushfiqur Rahim : 78, Mohammad Mithun : 21, Mahmudullah : 46, Mosaddek Hossain : 26, Mehidy Hasan Miraz : 5, Quinton de Kock : 23, Aiden Markram : 45, Faf du Plessis : 62, David Miller : 38, Rassie van der Dussen : 41, Jean-Paul Duminy : 45, Andile Phehlukwayo : 8, Chris Morris : 10, Kagiso Rabada : 13, Imran Tahir : 10	Tamim Iqbal : 29, Soumya Sarkar : 30, Shakib Al Hasan : 84, Mushfiqur Rahim : 80, Mohammad Mithun : 21, Mahmudullah : 33, Mosaddek Hossain : 20, Mehidy Hasan Miraz : 3, Quinton de Kock : 32, Aiden Markram : 56, Faf du Plessis : 53, David Miller : 43, Rassie van der Dussen : 38, Jean-Paul Duminy : 37, Andile Phehlukwayo : 13, Chris Morris : 10, Kagiso Rabada : 9, Imran Tahir : 10	Tamim Iqbal : 55.17, Soumya Sarkar : 140.00, Shakib Al Hasan : 89.29, Mushfiqur Rahim : 97.50, Mohammad Mithun : 100.00, Mahmudullah : 139.39, Mosaddek Hossain : 130.00, Mehidy Hasan Miraz : 166.67, Quinton de Kock : 71.88, Aiden Markram : 80.36, Faf du Plessis : 116.98, David Miller : 88.37, Rassie van der Dussen : 107.89, Jean-Paul Duminy : 121.62, Andile Phehlukwayo : 61.54, Chris Morris : 100.00, Kagiso Rabada : 144.44, Imran Tahir : 100.00	Lungi Ngidi : 0, Kagiso Rabada : 0, Andile Phehlukwayo : 2, Chris Morris : 2, Aiden Markram : 0, Imran Tahir : 2, Jean-Paul Duminy : 0, Mustafizur Rahman : 3, Mehidy Hasan Miraz : 1, Mohammad Saifuddin : 2, Shakib Al Hasan : 1, Mashrafe Mortaza : 0, Mosaddek Hossain : 0	Lungi Ngidi : 8.50, Kagiso Rabada : 5.70, Andile Phehlukwayo : 5.20, Chris Morris : 7.30, Aiden Markram : 7.60, Imran Tahir : 5.70, Jean-Paul Duminy : 10.00, Mustafizur Rahman : 6.70, Mehidy Hasan Miraz : 4.40, Mohammad Saifuddin : 7.13, Shakib Al Hasan : 5.00, Mashrafe Mortaza : 8.17, Mosaddek Hossain : 6.33	South Africa, elected to field first	Joel Wilson, Paul Reiffel	David Boon
4th match	David Warner	"=HYPERLINK(""https://img1.hscicdn.com/image/upload/f_auto,t_h_100/lsci/db/PICTURES/CMS/263500/263541.1.jpg"",""David Warner"")"	Australia	Mohammad Shahzad : 0, Hazratullah Zazai : 0, Rahmat Shah : 43, Hashmatullah Shahidi : 18, Mohammad Nabi : 7, Gulbadin Naib : 31, Najibullah Zadran : 51, Rashid Khan : 27, Dawlat Zadran : 4, Mujeeb Ur Rahman : 13, Hamid Hassan : 1, Aaron Finch : 66, David Warner : 89, Usman Khawaja : 15, Steven Smith : 18, Glenn Maxwell : 4	Mohammad Shahzad : 3, Hazratullah Zazai : 2, Rahmat Shah : 60, Hashmatullah Shahidi : 34, Mohammad Nabi : 22, Gulbadin Naib : 33, Najibullah Zadran : 49, Rashid Khan : 11, Dawlat Zadran : 6, Mujeeb Ur Rahman : 9, Hamid Hassan : 2, Aaron Finch : 49, David Warner : 114, Usman Khawaja : 20, Steven Smith : 27, Glenn Maxwell : 1	Mohammad Shahzad : 0.00, Hazratullah Zazai : 0.00, Rahmat Shah : 71.67, Hashmatullah Shahidi : 52.94, Mohammad Nabi : 31.82, Gulbadin Naib : 93.94, Najibullah Zadran : 104.08, Rashid Khan : 245.45, Dawlat Zadran : 66.67, Mujeeb Ur Rahman : 144.44, Hamid Hassan : 50.00, Aaron Finch : 134.69, David Warner : 78.07, Usman Khawaja : 75.00, Steven Smith : 66.67, Glenn Maxwell : 400.00	Mitchell Starc : 1, Pat Cummins : 3, Nathan Coulter-Nile : 0, Marcus Stoinis : 2, Adam Zampa : 3, Mujeeb Ur Rahman : 1, Hamid Hassan : 0, Dawlat Zadran : 0, Gulbadin Naib : 1, Mohammad Nabi : 0, Rashid Khan : 1	Mitchell Starc : 4.43, Pat Cummins : 4.80, Nathan Coulter-Nile : 4.50, Marcus Stoinis : 5.29, Adam Zampa : 7.50, Mujeeb Ur Rahman : 9.31, Hamid Hassan : 2.50, Dawlat Zadran : 6.40, Gulbadin Naib : 6.40, Mohammad Nabi : 5.33, Rashid Khan : 6.50	Afghanistan, elected to bat first	Aleem Dar, Richard Illingworth	Ranjan Madugalle
3rd match	Matt Henry	"=HYPERLINK(""https://img1.hscicdn.com/image/upload/f_auto,t_h_100/lsci/db/PICTURES/CMS/303600/303607.jpg"",""Matt Henry"")"	New Zealand	Lahiru Thirimanne : 4, Dimuth Karunaratne : 52, Kusal Perera : 29, Kusal Mendis : 0, Dhananjaya de Silva : 4, Angelo Mathews : 0, Jeevan Mendis : 1, Thisara Perera : 27, Isuru Udana : 0, Suranga Lakmal : 7, Lasith Malinga : 1, Martin Guptill : 73, Colin Munro : 58	Lahiru Thirimanne : 2, Dimuth Karunaratne : 84, Kusal Perera : 24, Kusal Mendis : 1, Dhananjaya de Silva : 13, Angelo Mathews : 9, Jeevan Mendis : 4, Thisara Perera : 23, Isuru Udana : 3, Suranga Lakmal : 13, Lasith Malinga : 2, Martin Guptill : 51, Colin Munro : 47	Lahiru Thirimanne : 200.00, Dimuth Karunaratne : 61.90, Kusal Perera : 120.83, Kusal Mendis : 0.00, Dhananjaya de Silva : 30.77, Angelo Mathews : 0.00, Jeevan Mendis : 25.00, Thisara Perera : 117.39, Isuru Udana : 0.00, Suranga Lakmal : 53.85, Lasith Malinga : 50.00, Martin Guptill : 143.14, Colin Munro : 123.40	Matt Henry : 3, Trent Boult : 1, Lockie Ferguson : 3, Colin de Grandhomme : 1, James Neesham : 1, Mitchell Santner : 1, Lasith Malinga : 0, Suranga Lakmal : 0, Isuru Udana : 0, Thisara Perera : 0, Jeevan Mendis : 0	Matt Henry : 4.14, Trent Boult : 4.89, Lockie Ferguson : 3.47, Colin de Grandhomme : 7.00, James Neesham : 7.00, Mitchell Santner : 2.50, Lasith Malinga : 9.20, Suranga Lakmal : 7.00, Isuru Udana : 8.00, Thisara Perera : 8.33, Jeevan Mendis : 9.43	New Zealand, elected to field first	Ian Gould, Rod Tucker	Andy Pycroft
2nd match	Oshane Thomas	"=HYPERLINK(""https://img1.hscicdn.com/image/upload/f_auto,t_h_100/lsci/db/PICTURES/CMS/307600/307607.jpg"",""Oshane Thomas"")"	West Indies	Imam-ul-Haq : 2, Fakhar Zaman : 22, Babar Azam : 22, Haris Sohail : 8, Sarfaraz Ahmed : 8, Mohammad Hafeez : 16, Imad Wasim : 1, Shadab Khan : 0, Hasan Ali : 1, Wahab Riaz : 18, Mohammad Amir : 3, Chris Gayle : 50, Shai Hope : 11, Darren Bravo : 0, Nicholas Pooran : 34, Shimron Hetmyer : 7	Imam-ul-Haq : 11, Fakhar Zaman : 16, Babar Azam : 33, Haris Sohail : 11, Sarfaraz Ahmed : 12, Mohammad Hafeez : 24, Imad Wasim : 3, Shadab Khan : 1, Hasan Ali : 4, Wahab Riaz : 11, Mohammad Amir : 6, Chris Gayle : 34, Shai Hope : 17, Darren Bravo : 4, Nicholas Pooran : 19, Shimron Hetmyer : 8	Imam-ul-Haq : 18.18, Fakhar Zaman : 137.50, Babar Azam : 66.67, Haris Sohail : 72.73, Sarfaraz Ahmed : 66.67, Mohammad Hafeez : 66.67, Imad Wasim : 33.33, Shadab Khan : 0.00, Hasan Ali : 25.00, Wahab Riaz : 163.64, Mohammad Amir : 50.00, Chris Gayle : 147.06, Shai Hope : 64.71, Darren Bravo : 0.00, Nicholas Pooran : 178.95, Shimron Hetmyer : 87.50	Sheldon Cottrell : 1, Jason Holder : 3, Andre Russell : 2, Carlos Brathwaite : 0, Oshane Thomas : 4, Mohammad Amir : 3, Hasan Ali : 0, Wahab Riaz : 0	Sheldon Cottrell : 4.50, Jason Holder : 8.40, Andre Russell : 1.33, Carlos Brathwaite : 3.50, Oshane Thomas : 4.76, Mohammad Amir : 4.33, Hasan Ali : 9.75, Wahab Riaz : 10.91	West Indies, elected to field first	Chris Gaffaney, Marais Erasmus	Jeff Crowe
1st match	Ben Stokes	"=HYPERLINK(""https://img1.hscicdn.com/image/upload/f_auto,t_h_100/lsci/db/PICTURES/CMS/305000/305019.jpg"",""Ben Stokes"")"	England	Jason Roy : 54, Jonny Bairstow : 0, Joe Root : 51, Eoin Morgan : 57, Ben Stokes : 89, Jos Buttler : 18, Moeen Ali : 3, Chris Woakes : 13, Liam Plunkett : 9, Jofra Archer : 7, Quinton de Kock : 68, Hashim Amla : 13, Aiden Markram : 11, Faf du Plessis : 5, Rassie van der Dussen : 50, Jean-Paul Duminy : 8, Dwaine Pretorius : 1, Andile Phehlukwayo : 24, Kagiso Rabada : 11, Lungi Ngidi : 6, Imran Tahir : 0	Jason Roy : 53, Jonny Bairstow : 1, Joe Root : 59, Eoin Morgan : 60, Ben Stokes : 79, Jos Buttler : 16, Moeen Ali : 9, Chris Woakes : 14, Liam Plunkett : 6, Jofra Archer : 3, Quinton de Kock : 74, Hashim Amla : 23, Aiden Markram : 12, Faf du Plessis : 7, Rassie van der Dussen : 61, Jean-Paul Duminy : 11, Dwaine Pretorius : 1, Andile Phehlukwayo : 25, Kagiso Rabada : 19, Lungi Ngidi : 5, Imran Tahir : 1	Jason Roy : 101.89, Jonny Bairstow : 0.00, Joe Root : 86.44, Eoin Morgan : 95.00, Ben Stokes : 112.66, Jos Buttler : 112.50, Moeen Ali : 33.33, Chris Woakes : 92.86, Liam Plunkett : 150.00, Jofra Archer : 233.33, Quinton de Kock : 91.89, Hashim Amla : 56.52, Aiden Markram : 91.67, Faf du Plessis : 71.43, Rassie van der Dussen : 81.97, Jean-Paul Duminy : 72.73, Dwaine Pretorius : 100.00, Andile Phehlukwayo : 96.00, Kagiso Rabada : 57.89, Lungi Ngidi : 120.00, Imran Tahir : 0.00	Imran Tahir : 2, Lungi Ngidi : 3, Kagiso Rabada : 2, Dwaine Pretorius : 0, Andile Phehlukwayo : 1, Jean-Paul Duminy : 0, Aiden Markram : 0, Chris Woakes : 0, Jofra Archer : 3, Adil Rashid : 1, Moeen Ali : 1, Liam Plunkett : 2, Ben Stokes : 2	Imran Tahir : 6.10, Lungi Ngidi : 6.60, Kagiso Rabada : 6.60, Dwaine Pretorius : 6.00, Andile Phehlukwayo : 5.50, Jean-Paul Duminy : 7.00, Aiden Markram : 5.33, Chris Woakes : 4.80, Jofra Archer : 3.86, Adil Rashid : 4.38, Moeen Ali : 6.30, Liam Plunkett : 5.29, Ben Stokes : 4.24	South Africa, elected to field first	Bruce Oxenford, Kumar Dharmasena	David Boon
